row_index,Telescope,obs_code,mjd_start,mjd_end,bandwidth,cent_f,low_c_l,high_c_h,rec_time_s,rec_time_m,rec_time_h,rec_time_d
0,stk,r117_59867_1,59867.3667301921,59867.430807935176,98.4375,1381.46484375,1332.24609375,1430.68359375,5536.317001632415,92.27195002720691,1.5378658337867819,0.06407774307444924
1,stk,r117_59867_2,59867.525349042226,59867.65085481084,98.4375,1381.46484375,1332.24609375,1430.68359375,10843.698407616466,180.72830679360777,3.0121384465601295,0.12550576860667206
2,stk,r117_59867_3,59867.650859543974,59867.77581420338,98.4375,1381.46484375,1332.24609375,1430.68359375,10796.082573174499,179.93470955290832,2.9989118258818053,0.12495465941174189
3,stk,r117_59867_4,59867.775819624236,59867.85935634072,98.4375,1381.46484375,1332.24609375,1430.68359375,7217.5723041873425,120.29287173645571,2.004881195607595,0.0835367164836498
4,stk,r117_59867_5,59867.88790151643,59868.014983142675,98.4375,1381.46484375,1332.24609375,1430.68359375,10979.852507798932,182.99754179664887,3.049959029944148,0.12708162624767283
5,wb,pcn017,59868.003506944435,59868.12775454223,128.0,1271.0,1207.0,1335.0,10568.93407870084,176.14890131168067,2.9358150218613446,0.12232562591088936
6,stk,r117_59868_6,59868.01498969626,59868.142243212904,98.4375,1381.46484375,1332.24609375,1430.68359375,10994.7038379265,183.24506396544166,3.0540843994240277,0.12725351664266782
7,stk,r117_59868_7,59868.14224984741,59868.266801581754,98.4375,1381.46484375,1332.24609375,1430.68359375,10761.26984709408,179.354497451568,2.9892416241928,0.12455173434136665
8,stk,r117_59868_8,59868.26680999626,59868.3918043818,98.4375,1381.46484375,1332.24609375,1430.68359375,10799.514910345895,179.9919151724316,2.99986525287386,0.12499438553641082
9,stk,r117_59868_9,59868.63208760428,59868.75706823536,98.4375,1381.46484375,1332.24609375,1430.68359375,10798.326525371522,179.97210875619203,2.999535145936534,0.12498063108068891
10,stk,r117_59868_10,59868.75707559803,59868.867532035576,98.4375,1381.46484375,1332.24609375,1430.68359375,9543.436204246244,159.05727007077073,2.650954501179512,0.11045643754914633
11,tr,r67l62,59868.85424768519,59869.08819443196,128.0,1414.0,1350.0,1478.0,19234.967778646387,320.5827963107731,5.343046605179552,0.22262694188248133
12,stk,r117_59868_11,59868.885129665214,59869.01145018385,98.4375,1381.46484375,1332.24609375,1430.68359375,10914.092809916474,181.90154683194123,3.0316924471990205,0.12632051863329252
13,wb,pcn018,59869.003506944435,59870.13212953777,128.0,1271.0,1207.0,1335.0,10031.932093016803,167.19886821694672,2.7866478036157787,0.11611032515065745
14,stk,r117_59869_12,59869.0114581129,59869.136218551095,98.4375,1381.46484375,1332.24609375,1430.68359375,10779.301859904079,179.65503099840132,2.994250516640022,0.12476043819333424
15,stk,r117_59869_13,59869.13622643968,59869.26130015616,98.4375,1381.46484375,1332.24609375,1430.68359375,10806.369103956968,180.10615173261613,3.001769195543602,0.12507371648098342
16,stk,r117_59869_14,59869.261403557386,59869.33991394585,98.4375,1381.46484375,1332.24609375,1430.68359375,6783.297563181259,113.05495938635431,1.8842493231059052,0.07851038846274605
17,stk,r117_59869_15,59869.34354055437,59869.468160130615,98.4375,1381.46484375,1332.24609375,1430.68359375,10767.13138741907,179.45218979031782,2.9908698298386303,0.12461957624327627
18,stk,r117_59869_16,59869.55236547608,59869.679498802936,98.4375,1381.46484375,1332.24609375,1430.68359375,10984.319440671245,183.07199067785407,3.051199844630901,0.1271333268596209
19,stk,r117_59869_17,59869.73284381241,59869.81822864409,98.4375,1381.46484375,1332.24609375,1430.68359375,7377.249457477592,122.95415762462653,2.049235960410442,0.08538483168376843
20,stk,r117_59869_18,59869.81826934112,59869.86478574213,98.4375,1381.46484375,1332.24609375,1430.68359375,4019.017047202215,66.98361745337026,1.1163936242228376,0.0465164010092849
21,stk,r117_59869_19,59869.88555685143,59869.959171579314,98.4375,1381.46484375,1332.24609375,1430.68359375,6360.312489490025,106.00520815816708,1.7667534693027847,0.07361472788761603
22,tr,f22l01,59869.92814814815,59870.127361105275,128.0,1414.0,1350.0,1478.0,16376.97145070415,272.9495241784025,4.549158736306708,0.18954828067944618
23,wb,pcn019,59869.98614583332,59870.122499994075,128.0,1271.0,1207.0,1335.0,11579.917117883451,192.99861863139085,3.2166436438565142,0.13402681849402143
24,stk,r117_59870_20,59870.24129410753,59870.36602687497,98.4375,1381.46484375,1332.24609375,1430.68359375,10776.911107054912,179.61518511758186,2.9935864186263643,0.12473276744276518
25,stk,r117_59870_21,59870.366091440046,59870.491103261396,98.4375,1381.46484375,1332.24609375,1430.68359375,10801.021364657208,180.0170227442868,3.00028371240478,0.12501182135019917
26,stk,r117_59870_22,59870.49143814228,59870.61677367911,98.4375,1381.46484375,1332.24609375,1430.68359375,10828.990382258778,180.4831730376463,3.008052883960772,0.12533553683169882
27,stk,r117_59870_23,59870.616825946076,59870.74195196997,98.4375,1381.46484375,1332.24609375,1430.68359375,10810.888463747688,180.1814743957948,3.0030245732632466,0.1251260238859686
28,stk,r117_59870_24,59870.74216552832,59870.860865787894,98.4375,1381.46484375,1332.24609375,1430.68359375,10255.702427378856,170.9283737896476,2.84880622982746,0.11870025957614416
29,stk,r117_59870_25,59870.88000015581,59870.922146802404,98.4375,1381.46484375,1332.24609375,1430.68359375,3641.470265574753,60.69117109291255,1.011519518215209,0.04214664659230038
30,tr,f22l02,59870.92814814815,59871.12737267269,128.0,1414.0,1350.0,1478.0,16397.975736041553,273.29959560069256,4.554993260011543,0.18979138583381427
31,wb,pcn020,59870.983368055546,59871.11969898666,128.0,1271.0,1207.0,1335.0,11576.902461005375,192.94837435008958,3.2158062391681597,0.13399192663200665
32,stk,r117_59871_26,59871.35938839035,59871.48422112043,98.4375,1381.46484375,1332.24609375,1430.68359375,10785.547878756188,179.75913131260313,2.995985521876719,0.12483273007819662
33,tr,f22c01,59871.42832175926,59871.662256938565,256.0,4708.0,4580.0,4836.0,19196.97111728601,319.9495186214335,5.332491977023892,0.22218716570932884
34,tr,f22l03,59871.92814814815,59872.12737267269,128.0,1414.0,1350.0,1478.0,16370.954425027594,272.84924041712657,4.547487340285443,0.18947863917856012
35,wb,pcn021,59871.98057870369,59872.11694443852,128.0,1271.0,1207.0,1335.0,11593.966408004053,193.23277346673422,3.2205462244455703,0.13418942601856543
36,stk,r117_59872_27,59872.156797468044,59872.281422748376,98.4375,1381.46484375,1332.24609375,1430.68359375,10767.624220694417,179.46040367824028,2.9910067279706714,0.12462528033211132
37,stk,r117_59872_28,59872.41221140628,59872.45192521093,98.4375,1381.46484375,1332.24609375,1430.68359375,3431.272722082213,57.18787870137022,0.9531313116895036,0.03971380465372932
38,stk,r117_59872_29,59872.45732388051,59872.471245628265,98.4375,1381.46484375,1332.24609375,1430.68359375,1202.8390060644595,20.04731676774099,0.3341219461290165,0.013921747755375687
39,stk,r117_59872_30,59872.481705740225,59872.6092330517,98.4375,1381.46484375,1332.24609375,1430.68359375,11018.35971067194,183.639328511199,3.06065547518665,0.12752731146611043
40,stk,r117_59872_31,59872.60923920075,59872.73416347895,98.4375,1381.46484375,1332.24609375,1430.68359375,10793.457636446692,179.89096060744487,2.998182676790748,0.12492427819961449
41,stk,r117_59872_32,59872.734171124815,59872.8557436007,98.4375,1381.46484375,1332.24609375,1430.68359375,10503.86191669386,175.064365278231,2.91773942130385,0.12157247588766043
42,tr,f22l04,59872.85424768519,59873.13159720973,128.0,1414.0,1350.0,1478.0,22808.96948541049,380.14949142350815,6.335824857058469,0.2639927023774362
43,stk,r67_59872_369,59872.87804703876,59873.00552734233,98.4375,1381.46484375,1332.24609375,1430.68359375,11014.29822847713,183.5716371412855,3.0595272856880915,0.12748030357033716
44,stk,r117_59873_34,59873.00553466456,59873.13332092416,98.4375,1381.46484375,1332.24609375,1430.68359375,11040.732829109766,184.0122138184961,3.066870230308268,0.12778625959617784
45,stk,r117_59873_35,59873.13332970274,59873.25844007082,98.4375,1381.46484375,1332.24609375,1430.68359375,10809.535802481696,180.1589300413616,3.0026488340226933,0.1251103680842789
46,stk,r117_59873_36,59873.258446098494,59873.383491941924,98.4375,1381.46484375,1332.24609375,1430.68359375,10803.960872325117,180.06601453875194,3.0011002423125324,0.12504584342968886
47,stk,r117_59873_37,59873.407604861306,59873.432431678106,98.4375,1381.46484375,1332.24609375,1430.68359375,2145.036971499212,35.750616191653535,0.5958436031942256,0.0248268167997594
48,stk,r117_59873_38,59873.44584358005,59873.57095855993,98.4375,1381.46484375,1332.24609375,1430.68359375,10809.934261394665,180.1655710232444,3.0027595170540735,0.12511497987725306
49,stk,r117_59873_39,59873.57096333353,59873.695976853945,98.4375,1381.46484375,1332.24609375,1430.68359375,10801.168164052071,180.01946940086785,3.000324490014464,0.12501352041726935
50,stk,r117_59873_40,59873.69598215348,59873.821050368126,98.4375,1381.46484375,1332.24609375,1430.68359375,10805.893745692447,180.0982290948741,3.0016371515812352,0.12506821464921813
51,wb,pcn022,59873.822939814825,59873.96914343111,128.0,1271.0,1207.0,1335.0,12221.916027646512,203.6986004607752,3.3949766743462533,0.1414573614310939
52,o8,pca001,59873.846597222226,59874.300335643886,256.0,4926.49,4798.49,5054.49,38486.98948561214,641.4498247602023,10.690830412670039,0.44545126719458494
53,tr,f22l05,59873.848935185175,59873.99119210968,256.0,1418.0,1290.0,1546.0,11640.977469901554,194.0162911650259,3.2336048527504317,0.134733535531268
54,stk,r117_59873_41,59873.946003854326,59874.071189750626,98.4375,1381.46484375,1332.24609375,1430.68359375,10816.061440994965,180.2676906832494,3.00446151138749,0.1251858963078121
55,stk,r117_59874_42,59874.07120091603,59874.19690276674,98.4375,1381.46484375,1332.24609375,1430.68359375,10860.639901296237,181.01066502160396,3.0168444170267326,0.1257018507094472
56,stk,r117_59874_43,59874.19690984624,59874.32174018952,98.4375,1381.46484375,1332.24609375,1430.68359375,10785.3416594211,179.755694323685,2.9959282387280832,0.12483034328033679
57,stk,r117_59874_44,59874.321745529465,59874.44668303622,98.4375,1381.46484375,1332.24609375,1430.68359375,10794.600583752615,179.91000972921026,2.9985001621535043,0.124937506756396
58,wb,pcn023,59874.89587962963,59875.04555554963,128.0,1271.0,1207.0,1335.0,12717.933443840593,211.96555739734322,3.5327592899557203,0.147198303748155
59,tr,f22c02,59874.89938657407,59875.061446737825,256.0,4708.0,4580.0,4836.0,13312.981069972739,221.88301783287898,3.6980502972146496,0.1540854290506104
60,stk,r117_59875_45,59875.59935407028,59875.72614361631,98.4375,1381.46484375,1332.24609375,1430.68359375,10954.616777272895,182.57694628788158,3.0429491047980264,0.1267895460332511
61,o8,pca002,59876.148680555554,59876.454629624626,256.0,4926.49,4798.49,5054.49,25940.989903500304,432.34983172500506,7.205830528750084,0.3002429386979202
62,stk,r117_59876_46,59876.58362348216,59876.70797132674,98.4375,1381.46484375,1332.24609375,1430.68359375,10743.653771351093,179.0608961891849,2.984348269819748,0.12434784457582285
63,o8,pca003,59876.85701388889,59877.08908564759,256.0,4926.49,4798.49,5054.49,19735.99881492555,328.9333135820925,5.482221893034875,0.22842591220978647
64,stk,r117_59877_47,59877.36881708504,59877.49202201415,98.4375,1381.46484375,1332.24609375,1430.68359375,10644.905875436962,177.41509792394936,2.9569182987324893,0.12320492911385372
65,stk,r117_59877_48,59877.50488167068,59877.63105449059,98.4375,1381.46484375,1332.24609375,1430.68359375,10901.331640197895,181.68886066996492,3.0281476778327487,0.12617281990969786
66,tr,f22l06,59877.84383101852,59878.08298606676,128.0,1414.0,1350.0,1478.0,19623.9321394125,327.065535656875,5.451092260947917,0.2271288442061632
67,wb,pcn025,59877.85421296296,59878.06650454223,128.0,1271.0,1207.0,1335.0,18018.85414381977,300.31423573032953,5.005237262172159,0.20855155259050662
68,o8,pca004,59877.85701388889,59878.067974536476,256.0,4926.49,4798.49,5054.49,17937.871628184803,298.9645271364134,4.982742118940223,0.20761425495584263
69,stk,r117_59878_49,59878.344677424124,59878.41898297782,98.4375,1381.46484375,1332.24609375,1430.68359375,6419.999838620423,106.99999731034039,1.7833332885056732,0.07430555368773638
70,stk,r117_59878_50,59878.42985556617,59878.46237871388,98.4375,1381.46484375,1332.24609375,1430.68359375,2809.999961592257,46.833332693204284,0.7805555448867381,0.032523147703614086
71,stk,r117_59878_51,59878.469103251075,59878.55337408452,98.4375,1381.46484375,1332.24609375,1430.68359375,7281.000009085983,121.35000015143305,2.022500002523884,0.08427083343849517
72,stk,r117_59878_52,59878.553402896076,59878.6764576992,98.4375,1381.46484375,1332.24609375,1430.68359375,10631.934989243746,177.19891648739576,2.9533152747899294,0.12305480311624706
73,stk,r117_59879_55,59879.59184488768,59879.716078489255,98.4375,1381.46484375,1332.24609375,1430.68359375,10733.783176378349,178.89638627297248,2.9816064378828746,0.12423360157845312
74,stk,r117_59880_56,59880.393917718524,59880.51816394184,98.4375,1381.46484375,1332.24609375,1430.68359375,10734.873694251291,178.91456157085486,2.9819093595142476,0.12424622331309365
75,stk,r117_59880_57,59880.518190722585,59880.64245191402,98.4375,1381.46484375,1332.24609375,1430.68359375,10736.166939977556,178.9361156662926,2.98226859443821,0.12426119143492542
76,wb,pcn027,59880.63613425926,59880.750323986664,128.0,1271.0,1207.0,1335.0,9701.941954088397,161.69903256813996,2.694983876135666,0.11229099483898608
77,stk,r117_59880_58,59880.642485086544,59880.767662972874,98.4375,1381.46484375,1332.24609375,1430.68359375,10815.369379520416,180.25615632534027,3.0042692720890045,0.12517788633704185
78,stk,r117_59881_59,59881.42141229032,59881.544621628935,98.4375,1381.46484375,1332.24609375,1430.68359375,10645.286856195891,177.42144760326485,2.957024126721081,0.12320933861337838
79,stk,r117_59881_60,59881.59094122473,59881.6140893743,98.4375,1381.46484375,1332.24609375,1430.68359375,2000.000123027712,33.3333353837952,0.55555558972992,0.02314814957208
80,wb,pcn029,59881.8028125,59881.85400454223,128.0,1271.0,1207.0,1335.0,4355.965247866698,72.5994207977783,1.2099903466296382,0.05041626444290159
81,tr,f22l07,59882.01049768519,59882.14895832082,128.0,1414.0,1350.0,1478.0,11406.983301811852,190.11638836353086,3.1686064727255143,0.13202526969689643
82,wb,pcn030,59882.01114583332,59882.08916666074,128.0,1271.0,1207.0,1335.0,6625.960448873229,110.43267414788716,1.8405445691314526,0.07668935704714386
83,stk,r117_59882_61,59882.358395479365,59882.48292945428,98.4375,1381.46484375,1332.24609375,1430.68359375,10759.735432639718,179.32892387732863,2.9888153979554772,0.12453397491481155
84,stk,r117_59882_62,59882.482935604494,59882.519000024826,98.4375,1381.46484375,1332.24609375,1430.68359375,3115.9659166820347,51.93276527803391,0.8655460879672319,0.036064420331967995
85,stk,r117_59882_63,59882.644622969725,59882.71489394573,98.4375,1381.46484375,1332.24609375,1430.68359375,6071.412326465362,101.19020544108936,1.686503424018156,0.0702709760007565
86,wb,pcn032,59883.03197916668,59883.08664343111,128.0,1271.0,1207.0,1335.0,4654.965054360218,77.58275090600364,1.293045848433394,0.053876910351391416
87,stk,r117_59883_64,59883.380894024274,59883.50544717454,98.4375,1381.46484375,1332.24609375,1430.68359375,10761.39218348544,179.356536391424,2.989275606523733,0.1245531502718222
88,stk,r117_59883_65,59883.50547573527,59883.63061535182,98.4375,1381.46484375,1332.24609375,1430.68359375,10812.062870222144,180.20104783703573,3.003350797283929,0.12513961655349704
89,stk,r117_59883_66,59883.63084124876,59883.75508917117,98.4375,1381.46484375,1332.24609375,1430.68359375,10735.020496160723,178.9170082693454,2.981950137822423,0.12424792240926763
90,stk,r117_59883_67,59883.755130191836,59883.82616000999,98.4375,1381.46484375,1332.24609375,1430.68359375,6136.976288259029,102.28293813765049,1.7047156356275082,0.07102981815114617
91,wb,pcn034,59883.802789351845,59883.833587875546,128.0,1271.0,1207.0,1335.0,2627.977407351136,43.79962345585227,0.7299937242642045,0.030416405177675188
92,stk,r117_59883_68,59883.831049804656,59883.88413772691,98.4375,1381.46484375,1332.24609375,1430.68359375,4586.796483001672,76.44660805002786,1.274110134167131,0.05308792225696379
93,wb,pcn035,59884.03197916668,59884.08386565332,128.0,1271.0,1207.0,1335.0,4415.963457687758,73.59939096146263,1.2266565160243772,0.05111068816768238
94,stk,r117_59884_69,59884.50205270973,59884.62562743176,98.4375,1381.46484375,1332.24609375,1430.68359375,10676.855983142741,177.94759971904568,2.9657933286507614,0.12357472202711506
95,stk,r117_59884_70,59884.62570647951,59884.75014210997,98.4375,1381.46484375,1332.24609375,1430.68359375,10751.238471711986,179.18730786186643,2.986455131031107,0.12443563045962946
96,wb,pcn037,59884.6778125,59884.86833332741,128.0,1271.0,1207.0,1335.0,16199.967872584239,269.99946454307064,4.499991075717844,0.18749962815491017
97,stk,r117_59884_71,59884.75017532295,59884.87333684457,98.4375,1381.46484375,1332.24609375,1430.68359375,10641.155467671342,177.3525911278557,2.955876518797595,0.12316152161656646
98,stk,r117_59884_72,59884.87335800218,59884.91726829537,98.4375,1381.46484375,1332.24609375,1430.68359375,3793.849331815727,63.230822196928784,1.0538470366154797,0.043910293192311656
99,stk,r117_59885_73,59885.38083853232,59885.50497358716,98.4375,1381.46484375,1332.24609375,1430.68359375,10725.268737925217,178.75447896542028,2.979241316090338,0.12413505483709741
100,stk,r117_59885_74,59885.504978967576,59885.62923858128,98.4375,1381.46484375,1332.24609375,1430.68359375,10736.030623828992,178.9338437304832,2.9822307288413867,0.12425961370172445
101,stk,r117_59885_75,59885.630714354906,59885.75498323265,98.4375,1381.46484375,1332.24609375,1430.68359375,10736.831036908552,178.94718394847587,2.982453065807931,0.12426887774199713
102,stk,r117_59885_76,59885.754992294416,59885.791435043575,98.4375,1381.46484375,1332.24609375,1430.68359375,3148.653527302667,52.477558788377785,0.8746259798062964,0.03644274915859568
103,stk,r117_59886_77,59886.36020629125,59886.48827071476,98.4375,1381.46484375,1332.24609375,1430.68359375,11064.766191761008,184.41276986268346,3.0735461643780577,0.1280644235157524
104,stk,r117_59886_78,59886.48827896745,59886.61257944003,98.4375,1381.46484375,1332.24609375,1430.68359375,10739.560830616392,178.9926805102732,2.9832113418378867,0.12430047257657861
105,stk,r117_59886_79,59886.612588259035,59886.73701713362,98.4375,1381.46484375,1332.24609375,1430.68359375,10750.65476372838,179.177579395473,2.98629298992455,0.12442887458018959
106,wb,pcn038,59886.65699074074,59886.77115732,128.0,1271.0,1207.0,1335.0,9697.92787344195,161.6321312240325,2.693868853733875,0.11224453557224479
107,stk,r117_59886_80,59886.73702538631,59886.79053957573,98.4375,1381.46484375,1332.24609375,1430.68359375,4623.625965393148,77.06043275655247,1.2843405459425412,0.05351418941427255
108,stk,r117_59887_81,59887.3563520685,59887.48082665647,98.4375,1381.46484375,1332.24609375,1430.68359375,10754.604400950484,179.24340668250807,2.9873901113751344,0.12447458797396393
109,stk,r117_59887_82,59887.480832765075,59887.604972067624,98.4375,1381.46484375,1332.24609375,1430.68359375,10725.635739555582,178.7605956592597,2.979343260987662,0.12413930254115257
110,stk,r117_59887_83,59887.60497918758,59887.72926796885,98.4375,1381.46484375,1332.24609375,1430.68359375,10738.550701690838,178.97584502818063,2.982930750469677,0.12428878126956988
111,stk,r117_59887_84,59887.7292758979,59887.85357948546,98.4375,1381.46484375,1332.24609375,1430.68359375,10739.829965145329,178.99716608575548,2.983286101429258,0.12430358755955243
112,stk,r117_59887_85,59887.85358785949,59887.979150142775,98.4375,1381.46484375,1332.24609375,1430.68359375,10848.581275669858,180.80968792783096,3.0134947987971827,0.12556228328321595
113,stk,r117_59887_86,59887.979157829104,59888.10355729339,98.4375,1381.46484375,1332.24609375,1430.68359375,10748.1137143448,179.13522857241333,2.9855871428735554,0.12439946428639814
114,stk,r117_59888_87,59888.103567245154,59888.22786080004,98.4375,1381.46484375,1332.24609375,1430.68359375,10738.963142246941,178.98271903744902,2.983045317290817,0.12429355488711738
115,stk,r117_59888_88,59888.227867717724,59888.352198895125,98.4375,1381.46484375,1332.24609375,1430.68359375,10742.213727487253,179.03689545812088,2.983948257635348,0.12433117740147284
116,stk,r117_59888_89,59888.35220488235,59888.4764803137,98.4375,1381.46484375,1332.24609375,1430.68359375,10737.397268624045,178.95662114373408,2.982610352395568,0.12427543134981534
117,stk,r117_59888_90,59888.476492611815,59888.6008587822,98.4375,1381.46484375,1332.24609375,1430.68359375,10745.2371212421,179.087285354035,2.9847880892339167,0.12436617038474654
118,stk,r117_59888_91,59888.600866023524,59888.72509133195,98.4375,1381.46484375,1332.24609375,1430.68359375,10733.066648757083,178.8844441459514,2.9814074024325232,0.12422530843468846
119,stk,r117_59888_92,59888.72510363008,59888.82601483013,98.4375,1381.46484375,1332.24609375,1430.68359375,8718.727684020996,145.3121280670166,2.4218688011169434,0.1009112000465393
120,stk,r117_59888_93,59888.83455752865,59888.961476083525,98.4375,1381.46484375,1332.24609375,1430.68359375,10965.763141075151,182.76271901791918,3.0460453169653197,0.126918554873555
121,wb,pcn040,59888.855381944435,59889.01351843112,128.0,1271.0,1207.0,1335.0,13427.901374269277,223.79835623782128,3.729972603963688,0.15541552516515367
122,stk,r117_59888_94,59888.96148344621,59889.0884004638,98.4375,1381.46484375,1332.24609375,1430.68359375,10965.630319551563,182.76050532585938,3.0460084220976564,0.12691701758740234
123,stk,r117_59889_95,59889.088408676005,59889.21258895879,98.4375,1381.46484375,1332.24609375,1430.68359375,10729.17643273249,178.81960721220818,2.9803267868701364,0.12418028278625567
124,stk,r117_59889_96,59889.21259785874,59889.33692321072,98.4375,1381.46484375,1332.24609375,1430.68359375,10741.710410965608,179.0285068494268,2.9838084474904467,0.12432535197876862
125,stk,r117_59889_97,59889.33692915749,59889.460462090225,98.4375,1381.46484375,1332.24609375,1430.68359375,10673.245388665235,177.88742314442058,2.964790385740343,0.12353293273918095
126,stk,r117_59889_98,59889.507652998036,59889.632069938605,98.4375,1381.46484375,1332.24609375,1430.68359375,10749.62366516702,179.16039441945034,2.9860065736575057,0.12441694056906275
127,stk,r117_59889_99,59889.63207580446,59889.75633448773,98.4375,1381.46484375,1332.24609375,1430.68359375,10735.95023425296,178.932503904216,2.9822083984036,0.12425868326681666
128,stk,r117_59889_100,59889.8065669417,59889.930710411056,98.4375,1381.46484375,1332.24609375,1430.68359375,10725.995752564633,178.76659587607722,2.979443264601287,0.12414346935838697
129,tr,f22l08,59889.904247685176,59890.06759258304,128.0,1414.0,1350.0,1478.0,13444.980883947574,224.08301473245956,3.7347169122076593,0.15561320467531914
130,wb,pcn042,59889.906967592586,59890.05491898223,128.0,1271.0,1207.0,1335.0,12576.957309991121,209.6159551665187,3.4935992527753115,0.14556663553230464
131,stk,r117_59889_101,59889.93071874466,59890.05615303048,98.4375,1381.46484375,1332.24609375,1430.68359375,10837.522294465452,180.6253715744242,3.010422859573737,0.12543428581557237
132,stk,r117_59890_102,59890.05616140452,59890.17993771045,98.4375,1381.46484375,1332.24609375,1430.68359375,10694.272831943816,178.23788053239693,2.9706313422066155,0.12377630592527564
133,stk,r117_59890_103,59890.17994478994,59890.304245302956,98.4375,1381.46484375,1332.24609375,1430.68359375,10739.56432461273,178.9927387435455,2.983212312392425,0.12430051301635103
134,stk,r117_59890_104,59890.30425274655,59890.428548202784,98.4375,1381.46484375,1332.24609375,1430.68359375,10739.127418538556,178.9854569756426,2.983090949594043,0.12429545623308513
135,stk,r117_59890_105,59890.42855406867,59890.552867810264,98.4375,1381.46484375,1332.24609375,1430.68359375,10740.707273175942,179.0117878862657,2.983529798104428,0.12431374158768452
136,stk,r117_59890_106,59890.55287315023,59890.67720590534,98.4375,1381.46484375,1332.24609375,1430.68359375,10742.350041749887,179.03916736249812,2.983986122708302,0.12433275511284592
137,stk,r117_59890_107,59890.67721488617,59890.80150103793,98.4375,1381.46484375,1332.24609375,1430.68359375,10738.3235120913,178.972058534855,2.9828676422475833,0.12428615176031596
138,wb,pcn043,59890.67780092593,59890.73024304963,128.0,1271.0,1207.0,1335.0,4464.976190356538,74.41626983927563,1.2402711639879271,0.05167796516616363
139,stk,r117_59890_108,59890.80151333604,59890.926694175534,98.4375,1381.46484375,1332.24609375,1430.68359375,10815.624532406218,180.26040887343697,3.004340147890616,0.12518083949544234
140,stk,r117_59890_109,59890.926700688695,59891.05380565706,98.4375,1381.46484375,1332.24609375,1430.68359375,10981.869266624562,183.0311544437427,3.050519240729045,0.1271049683637102
141,stk,r117_59891_110,59891.05381411201,59891.177856121925,98.4375,1381.46484375,1332.24609375,1430.68359375,10717.22965647932,178.62049427465533,2.977008237910922,0.12404200991295508
142,stk,r117_59891_111,59891.177864050966,59891.302178399375,98.4375,1381.46484375,1332.24609375,1430.68359375,10740.75970260892,179.01266171014868,2.9835443618358113,0.12431434840982547
143,stk,r117_59891_112,59891.30218604523,59891.42651014312,98.4375,1381.46484375,1332.24609375,1430.68359375,10741.602058103308,179.02670096838847,2.983778349473141,0.12432409789471421
144,stk,r117_59891_113,59891.426516858526,59891.55086769674,98.4375,1381.46484375,1332.24609375,1430.68359375,10743.912421376444,179.06520702294074,2.9844201170490123,0.12435083821037551
145,stk,r117_59891_114,59891.550957788524,59891.67511282781,98.4375,1381.46484375,1332.24609375,1430.68359375,10726.995394472033,178.78325657453388,2.979720942908898,0.12415503928787075
146,wb,p11701,59891.56532407407,59891.95848379037,128.0,1271.0,1207.0,1335.0,32445.90105547104,540.765017591184,9.0127502931864,0.3755312622161
147,stk,r117_59891_115,59891.67511930048,59891.79937871191,98.4375,1381.46484375,1332.24609375,1430.68359375,10736.01314756088,178.933552459348,2.9822258743224666,0.12425941143010277
148,stk,r117_59891_116,59891.7993846587,59891.816628353474,98.4375,1381.46484375,1332.24609375,1430.68359375,1489.8552286438644,24.83092047739774,0.41384867462329566,0.017243694775970653
149,tr,f22l09,59891.81258101852,59891.96342588824,128.0,1414.0,1350.0,1478.0,12400.980118755251,206.6830019792542,3.4447166996542364,0.14352986248559318
150,stk,r117_59891_117,59891.82680702473,59891.95162454397,98.4375,1381.46484375,1332.24609375,1430.68359375,10784.233662765473,179.73722771275789,2.995620461879298,0.12481751924497075
151,stk,r117_59891_118,59891.951632918,59892.07681630612,98.4375,1381.46484375,1332.24609375,1430.68359375,10815.84473401308,180.264078900218,3.0044013150036335,0.1251833881251514
152,stk,r117_59892_119,59892.07682399245,59892.20074439666,98.4375,1381.46484375,1332.24609375,1430.68359375,10706.722923461348,178.44538205768913,2.9740897009614855,0.12392040420672856
153,stk,r117_59892_120,59892.200750302996,59892.32507160955,98.4375,1381.46484375,1332.24609375,1430.68359375,10741.360886231996,179.02268143719994,2.9837113572866656,0.12432130655361107
154,stk,r117_59892_121,59892.32507751588,59892.449401330574,98.4375,1381.46484375,1332.24609375,1430.68359375,10741.577589442022,179.02629315736704,2.983771552622784,0.124323814692616
155,stk,r117_59892_122,59892.449407196444,59892.573726965726,98.4375,1381.46484375,1332.24609375,1430.68359375,10741.228066594342,179.02046777657236,2.9836744629428726,0.12431976928928637
156,wb,p11702,59892.56252314815,59893.06016194963,128.0,1271.0,1207.0,1335.0,40312.810298544355,671.8801716424059,11.198002860706765,0.46658345252944855
157,stk,r117_59892_123,59892.57373291251,59892.69800757522,98.4375,1381.46484375,1332.24609375,1430.68359375,10737.330858176574,178.9555143029429,2.9825919050490484,0.12427466271037702
158,stk,r117_59892_124,59892.69801420972,59892.81377704059,98.4375,1381.46484375,1332.24609375,1430.68359375,10001.90858670976,166.69847644516267,2.778307940752711,0.1157628308646963
159,tr,f22c03,59892.80563657407,59893.0656249875,128.0,4664.0,4600.0,4728.0,21382.967549026944,356.3827924837824,5.93971320806304,0.24748805033596
160,stk,r117_59892_125,59892.83005464573,59892.958459775524,98.4375,1381.46484375,1332.24609375,1430.68359375,11094.203213998115,184.90338689996858,3.0817231149994764,0.12840512979164484
161,stk,r117_59892_126,59892.95850516526,59893.082758913086,98.4375,1381.46484375,1332.24609375,1430.68359375,10735.523812053725,178.92539686756209,2.9820899477927014,0.12425374782469589
162,stk,r117_59893_127,59893.20707629558,59893.331318958895,98.4375,1381.46484375,1332.24609375,1430.68359375,10734.566110675225,178.90943517792041,2.981823919632007,0.1242426633180003
163,stk,r117_59893_128,59893.33132486523,59893.45564896313,98.4375,1381.46484375,1332.24609375,1430.68359375,10741.602058731949,179.02670097886582,2.9837783496477637,0.12432409790199014
164,stk,r117_59893_129,59893.45565729671,59893.58588643093,98.4375,1381.46484375,1332.24609375,1430.68359375,11251.797196129335,187.52995326882225,3.1254992211470376,0.1302291342144599
165,wb,p11703,59893.559745370374,59894.05740740147,128.0,1271.0,1207.0,1335.0,40296.74578662962,671.6124297771603,11.193540496286005,0.46639752067858353
166,stk,r117_59893_130,59893.58589294407,59893.70987593113,98.4375,1381.46484375,1332.24609375,1430.68359375,10712.130081444047,178.5355013574008,2.975591689290013,0.12398298705375055
167,stk,r117_59893_131,59893.70988547832,59893.812623757374,98.4375,1381.46484375,1332.24609375,1430.68359375,8876.58731045667,147.9431218409445,2.4657186973490752,0.10273827905621147
168,tr,f22c04,59893.80563657407,59894.0656249875,128.0,4664.0,4600.0,4728.0,21382.971643377095,356.3828607229516,5.9397143453825265,0.24748809772427194
169,stk,r117_59893_132,59893.822894624005,59893.948001512996,98.4375,1381.46484375,1332.24609375,1430.68359375,10809.23520878423,180.15392014640383,3.0025653357733972,0.12510688899055822
170,stk,r117_59893_133,59893.94802420787,59894.07352524334,98.4375,1381.46484375,1332.24609375,1430.68359375,10843.289464199916,180.7214910699986,3.012024851166643,0.1255010354652768
171,stk,r117_59894_134,59894.073535761454,59894.200274537325,98.4375,1381.46484375,1332.24609375,1430.68359375,10950.230235233903,182.50383725389838,3.0417306208983064,0.12673877587076277
172,stk,r117_59894_135,59894.32442650206,59894.448730291886,98.4375,1381.46484375,1332.24609375,1430.68359375,10739.847440784795,178.99745734641326,2.9832909557735543,0.12430378982389809
173,stk,r117_59894_136,59894.448742751825,59894.573003417325,98.4375,1381.46484375,1332.24609375,1430.68359375,10736.12149853725,178.93535830895416,2.9822559718159027,0.12426066549232928
174,wb,p11704,59894.55696759259,59895.05460639407,128.0,1271.0,1207.0,1335.0,39394.71641932614,656.578606988769,10.94297678314615,0.45595736596442293
175,stk,r117_59894_137,59894.57300960684,59894.58545986912,98.4375,1381.46484375,1332.24609375,1430.68359375,1075.7026614854112,17.92837769142352,0.2988062948570587,0.012450262285710778
176,tr,f22c05,59894.79869212963,59895.058680543065,128.0,4664.0,4600.0,4728.0,21382.97164211981,356.38286070199683,5.9397143450332806,0.24748809770972002
177,wb,p11705,59895.55420138888,59896.05185184593,128.0,1271.0,1207.0,1335.0,40324.852551170625,672.0808758528437,11.201347930880729,0.4667228304533637
178,stk,r117_59896_138,59896.067031347586,59896.192206644846,98.4375,1381.46484375,1332.24609375,1430.68359375,10815.145683288574,180.25242805480957,3.004207134246826,0.12517529726028442
179,stk,r117_59896_139,59896.19221319845,59896.232022232565,98.4375,1381.46484375,1332.24609375,1430.68359375,3439.500547852367,57.325009130872786,0.9554168188478798,0.03980903411866166
180,wb,p11706,59896.551435185174,59897.029884251846,128.0,1271.0,1207.0,1335.0,38148.926160740666,635.8154360123444,10.596923933539074,0.44153849723079475
181,tr,f22c06,59896.79869212963,59897.026041639336,128.0,4664.0,4600.0,4728.0,18713.972952542827,311.8995492090471,5.198325820150785,0.21659690917294938
182,stk,r117_59897_140,59897.49711144389,59897.62525896058,98.4375,1381.46484375,1332.24609375,1430.68359375,11071.945442073047,184.5324240345508,3.0755404005758464,0.12814751669066027
183,stk,r117_59897_141,59897.62533501469,59897.750036146856,98.4375,1381.46484375,1332.24609375,1430.68359375,10774.177819350734,179.56963032251224,2.9928271720418707,0.12470113216841128
184,stk,r117_59897_142,59897.750075144824,59897.875065282664,98.4375,1381.46484375,1332.24609375,1430.68359375,10799.147909344174,179.98579848906957,2.9997633081511594,0.12499013783963164
185,tr,f22l10,59897.79869212963,59898.02395832082,128.0,1414.0,1350.0,1478.0,18534.97366067022,308.916227677837,5.148603794630617,0.21452515810960904
186,wb,p11707,59897.800694444435,59898.04607630148,128.0,1271.0,1207.0,1335.0,20858.938815118745,347.6489802519791,5.794149670866318,0.24142290295276325
187,stk,r117_59898_143,59898.30227489619,59898.41807878817,98.4375,1381.46484375,1332.24609375,1430.68359375,10005.456267250702,166.75760445417836,2.7792934075696394,0.11580389198206831
188,stk,r117_59898_144,59898.418113700245,59898.543087211365,98.4375,1381.46484375,1332.24609375,1430.68359375,10797.711360733956,179.9618560122326,2.9993642668705434,0.12497351111960597
189,stk,r117_59898_145,59898.54314546558,59898.66810934855,98.4375,1381.46484375,1332.24609375,1430.68359375,10796.879489114508,179.9479914852418,2.9991331914206967,0.12496388297586236
190,stk,r117_59898_146,59898.66815700375,59898.792492954766,98.4375,1381.46484375,1332.24609375,1430.68359375,10742.626168043353,179.0437694673892,2.984062824456487,0.12433595101902029
191,stk,r117_59898_147,59898.79253077954,59898.90416520648,98.4375,1381.46484375,1332.24609375,1430.68359375,9645.21448756568,160.75357479276133,2.679226246546022,0.11163442693941758
192,stk,r117_59898_148,59898.90420651035,59898.989201200566,98.4375,1381.46484375,1332.24609375,1430.68359375,7343.541234685107,122.39235391141845,2.0398725651903074,0.08499469021626281
193,stk,r117_59899_149,59899.3150199064,59899.437587963126,98.4375,1381.46484375,1332.24609375,1430.68359375,10589.8801014293,176.49800169048834,2.941633361508139,0.1225680567295058
194,stk,r117_59899_150,59899.43761013209,59899.56260528626,98.4375,1381.46484375,1332.24609375,1430.68359375,10799.581320164723,179.9930220027454,2.9998837000457566,0.12499515416857318
195,wb,p11708,59899.55349537037,59900.040578616296,128.0,1271.0,1207.0,1335.0,39349.775093235075,655.8295848872513,10.930493081454188,0.4554372117272578
196,stk,r117_59899_151,59899.56266572501,59899.68686728678,98.4375,1381.46484375,1332.24609375,1430.68359375,10731.014936766589,178.85024894610982,2.9808374824351636,0.12420156176813182
197,stk,r117_59899_152,59899.686891923426,59899.81122666082,98.4375,1381.46484375,1332.24609375,1430.68359375,10742.52131106332,179.04202185105532,2.9840336975175887,0.1243347373965662
198,stk,r117_59899_153,59899.81126088517,59899.902790606844,98.4375,1381.46484375,1332.24609375,1430.68359375,7908.167952345683,131.80279920576137,2.196713320096023,0.09152972167066763
199,tr,f22c07,59899.81258101852,59900.06597219491,128.0,4664.0,4600.0,4728.0,20849.967343965545,347.4994557327591,5.791657595545985,0.2413190664810827
200,stk,r117_59899_154,59899.90280929675,59900.06250814973,98.4375,1381.46484375,1332.24609375,1430.68359375,13797.980897314848,229.9663482885808,3.8327724714763467,0.15969885297818112
201,stk,r117_59900_155,59900.06252158055,59900.18847550213,98.4375,1381.46484375,1332.24609375,1430.68359375,10882.418824732304,181.37364707887173,3.0228941179811954,0.1259539215825498
202,stk,r117_59900_156,59900.18848274344,59900.27739935871,98.4375,1381.46484375,1332.24609375,1430.68359375,7682.395559339784,128.0399259889964,2.1339987664832734,0.08891661527013639
203,stk,r117_59900_157,59900.35666660706,59900.39553083051,98.4375,1381.46484375,1332.24609375,1430.68359375,3357.8689057845622,55.96448176307604,0.932741362717934,0.03886422344658058
204,stk,r117_59900_158,59900.53841399543,59900.64329081122,98.4375,1381.46484375,1332.24609375,1430.68359375,9061.356883845292,151.02261473075487,2.5170435788459145,0.10487681578524644
205,wb,p11709,59900.54041666666,59901.03804351705,64.0,332.0,300.0,364.0,41203.28140275087,686.7213567125145,11.445355945208576,0.4768898310503573
206,stk,r117_59900_159,59900.684112121846,59900.80846109916,98.4375,1381.46484375,1332.24609375,1430.68359375,10743.751639709808,179.0625273284968,2.9843754554749466,0.12434897731145611
207,stk,r117_59900_160,59900.80846736957,59900.90275676367,98.4375,1381.46484375,1332.24609375,1430.68359375,8146.603650483303,135.77672750805505,2.262945458467584,0.094289394102816
208,tr,f22c08,59900.81258101852,59901.06597219491,128.0,4664.0,4600.0,4728.0,20851.970273279585,347.5328378879931,5.792213964799885,0.24134224853332853
209,stk,r117_59900_161,59900.90276440952,59901.06275772952,98.4375,1381.46484375,1332.24609375,1430.68359375,13823.422848433256,230.39038080722094,3.839839680120349,0.15999332000501454
210,stk,r117_59901_162,59901.06276432357,59901.18710703044,98.4375,1381.46484375,1332.24609375,1430.68359375,10743.209873512387,179.05349789187312,2.984224964864552,0.12434270686935633
211,stk,r117_59901_163,59901.18712171536,59901.311156645774,98.4375,1381.46484375,1332.24609375,1430.68359375,10716.61798772402,178.61029979540032,2.9768383299233387,0.12403493041347244
212,stk,r117_59901_164,59901.38035279089,59901.504438572374,98.4375,1381.46484375,1332.24609375,1430.68359375,10721.011519641615,178.68352532736026,2.9780587554560043,0.12408578147733351
213,stk,r117_59901_165,59901.50444508553,59901.62871007966,98.4375,1381.46484375,1332.24609375,1430.68359375,10736.495493189432,178.9415915531572,2.9823598592192866,0.12426499413413694
214,wb,p11710,59901.58347222223,59901.61358795704,128.0,1271.0,1207.0,1335.0,2569.986238167621,42.83310396946035,0.7138850661576726,0.029745211089903023
215,stk,r117_59901_166,59901.62871598598,59901.75293461945,98.4375,1381.46484375,1332.24609375,1430.68359375,10732.489931909367,178.87483219848946,2.9812472033081576,0.12421863347117323
216,stk,r117_59901_167,59901.76343296075,59901.90273761736,98.4375,1381.46484375,1332.24609375,1430.68359375,12035.922330943868,200.59870551573113,3.3433117585955188,0.13930465660814662
217,stk,r117_59901_168,59901.90274409003,59902.0625374443,98.4375,1381.46484375,1332.24609375,1430.68359375,13806.145808519796,230.1024301419966,3.83504050236661,0.1597933542652754
218,stk,r117_59902_169,59902.062540357,59902.189663974816,98.4375,1381.46484375,1332.24609375,1430.68359375,10983.480579173192,183.05800965288654,3.050966827548109,0.12712361781450454
219,stk,r117_59902_170,59902.18967222747,59902.31395631607,98.4375,1381.46484375,1332.24609375,1430.68359375,10738.145255413838,178.96908759023063,2.982818126503844,0.12428408860432683
220,stk,r117_59902_171,59902.31396626782,59902.438816514616,98.4375,1381.46484375,1332.24609375,1430.68359375,10787.0613229461,179.784355382435,2.9964059230405833,0.12485024679335763
221,stk,r117_59902_172,59902.50145040253,59902.625800998,98.4375,1381.46484375,1332.24609375,1430.68359375,10743.891448597424,179.06485747662373,2.984414291277062,0.12435059546987759
222,wb,p11711,59902.53484953704,59903.03248796148,64.0,332.0,300.0,364.0,41205.37855052389,686.7563091753982,11.445938486256637,0.47691410359402653
223,stk,r117_59902_173,59902.62582567514,59902.750095159696,98.4375,1381.46484375,1332.24609375,1430.68359375,10736.88346571289,178.9480577618815,2.9824676293646917,0.12426948455686215
224,tr,f22c09,59902.81258101852,59903.06596063418,128.0,4664.0,4600.0,4728.0,20826.947826775722,347.1157971129287,5.785263285215478,0.24105263688397827
225,stk,r117_59902_174,59902.90277680615,59903.055569499724,98.4375,1381.46484375,1332.24609375,1430.68359375,13201.288724807093,220.02147874678488,3.667024645779748,0.15279269357415617
226,stk,r117_59903_175,59903.055580705535,59903.17998364892,98.4375,1381.46484375,1332.24609375,1430.68359375,10748.414308670908,179.14023847784847,2.9856706412974745,0.12440294338739477
227,stk,r117_59903_176,59903.179992993864,59903.306248866495,98.4375,1381.46484375,1332.24609375,1430.68359375,10908.507395884952,181.80845659808253,3.0301409433013755,0.1262558726375573
228,stk,r117_59903_177,59903.30626104321,59903.404551693304,98.4375,1381.46484375,1332.24609375,1430.68359375,8492.312168120407,141.5385361353401,2.3589756022556685,0.09829065009398619
229,stk,r117_59903_178,59903.40456455777,59903.51824172567,98.4375,1381.46484375,1332.24609375,1430.68359375,9821.707306662574,163.69512177770957,2.728252029628493,0.1136771679011872
230,stk,r117_59903_179,59903.519018327264,59903.64321179815,98.4375,1381.46484375,1332.24609375,1430.68359375,10730.315884784795,178.8385980797466,2.98064330132911,0.12419347088871291
231,wb,p11712,59903.532094907416,59904.0297101837,64.0,332.0,300.0,364.0,41184.66917783953,686.4111529639922,11.440185882733203,0.47667441178055014
232,stk,r117_59903_180,59903.6432235299,59903.76755964272,98.4375,1381.46484375,1332.24609375,1430.68359375,10742.640147800555,179.0440024633426,2.9840667077223766,0.12433611282176568
233,stk,r117_59903_181,59903.76757323538,59903.78497975878,98.4375,1381.46484375,1332.24609375,1430.68359375,1503.9236219599845,25.065393699333075,0.41775656165555125,0.017406523402314637
234,tr,f22l11,59903.77438657407,59904.02569443196,128.0,1414.0,1350.0,1478.0,20668.973300163634,344.48288833606057,5.741381472267676,0.23922422801115317
235,stk,r117_59903_182,59903.79356954612,59903.91750406892,98.4375,1381.46484375,1332.24609375,1430.68359375,10707.942770118825,178.46571283531375,2.974428547255229,0.12393452280230122
236,stk,r117_59903_183,59903.917516933376,59903.959978435945,98.4375,1381.46484375,1332.24609375,1430.68359375,3668.673822004348,61.14456370007247,1.0190760616678745,0.04246150256949477
237,stk,r117_59904_184,59904.06010041267,59904.185487326475,98.4375,1381.46484375,1332.24609375,1430.68359375,10833.429353102109,180.55715588503514,3.0092859314172524,0.12538691380905218
238,stk,r117_59904_185,59904.18549897733,59904.309835454245,98.4375,1381.46484375,1332.24609375,1430.68359375,10742.671605711805,179.0445267618634,2.984075446031057,0.12433647691796071
239,stk,r117_59904_186,59904.30984439464,59904.434190782864,98.4375,1381.46484375,1332.24609375,1430.68359375,10743.527942849323,179.05879904748872,2.9843133174581453,0.12434638822742272
240,stk,r117_59904_187,59904.43420360688,59904.44766425375,98.4375,1381.46484375,1332.24609375,1430.68359375,1162.9998896503819,19.38333149417303,0.32305552490288386,0.013460646870953493
241,stk,r117_59904_188,59904.46095129091,59904.55846286409,98.4375,1381.46484375,1332.24609375,1430.68359375,8424.999923212454,140.41666538687423,2.340277756447904,0.09751157318532933
242,stk,r117_59904_189,59904.55850703263,59904.682799495225,98.4375,1381.46484375,1332.24609375,1430.68359375,10738.868768513204,178.98114614188674,2.983019102364779,0.12429246259853247
243,wb,p11713,59904.58347222223,59905.026956012596,128.0,1271.0,1207.0,1335.0,36582.81221904326,609.7135369840544,10.161892283067573,0.42341217846114887
244,stk,r117_59904_190,59904.682808476085,59904.781935640625,98.4375,1381.46484375,1332.24609375,1430.68359375,8564.587016869336,142.74311694782227,2.379051949130371,0.0991271645470988
245,tr,f22l12,59904.77091435184,59905.03089119787,128.0,1414.0,1350.0,1478.0,21380.97279521171,356.34954658686183,5.939159109781031,0.24746496290754294
246,stk,r117_59904_191,59904.79600553207,59904.920158508176,98.4375,1381.46484375,1332.24609375,1430.68359375,10726.817135279998,178.78028558799997,2.979671426466666,0.12415297610277776
247,stk,r117_59904_192,59904.92016906676,59905.0458613298,98.4375,1381.46484375,1332.24609375,1430.68359375,10859.811526816338,180.9968587802723,3.0166143130045384,0.12569226304185577
248,stk,r117_59905_193,59905.04587014884,59905.1706428447,98.4375,1381.46484375,1332.24609375,1430.68359375,10780.36092238035,179.6726820396725,2.9945447006612085,0.12477269586088369
249,stk,r117_59905_194,59905.17066100867,59905.29455782803,98.4375,1381.46484375,1332.24609375,1430.68359375,10704.68519248534,178.41141987475567,2.973523664579261,0.12389681935746921
250,stk,r117_59905_195,59905.305052366624,59905.42919611915,98.4375,1381.46484375,1332.24609375,1430.68359375,10726.020218082704,178.76700363471173,2.979450060578529,0.12414375252410537
251,stk,r117_59905_196,59905.45366612883,59905.513922192666,98.4375,1381.46484375,1332.24609375,1430.68359375,5206.123915454373,86.76873192423955,1.446145532070659,0.06025606383627746
252,stk,r117_59905_197,59905.514136276935,59905.56615511284,98.4375,1381.46484375,1332.24609375,1430.68359375,4494.427422434092,74.90712370723486,1.2484520617872477,0.052018835907801986
253,tr,f22c10,59905.52091435184,59905.72880786449,256.0,4708.0,4580.0,4836.0,17025.97437284421,283.76623954740353,4.729437325790059,0.19705988857458578
254,wb,p11714,59905.52652777777,59906.02415462816,64.0,332.0,300.0,364.0,41192.27135006804,686.5378558344673,11.442297597241122,0.47676239988504676
255,stk,r117_59905_198,59905.572032518874,59905.69666989503,98.4375,1381.46484375,1332.24609375,1430.68359375,10768.669299641624,179.47782166069373,2.991297027678229,0.12463737615325954
256,stk,r117_59905_199,59905.69670254165,59905.8208946371,98.4375,1381.46484375,1332.24609375,1430.68359375,10730.197046790272,178.83661744650453,2.9806102907750756,0.12419209544896148
257,tr,f22c11,59905.77787037037,59906.02915508671,256.0,4708.0,4580.0,4836.0,20630.9684375301,343.849473958835,5.730824565980583,0.23878435691585764
258,stk,r117_59905_200,59905.820925544176,59905.945235523526,98.4375,1381.46484375,1332.24609375,1430.68359375,10740.38221584633,179.0063702641055,2.9834395044017583,0.12430997935007326
259,stk,r117_59905_201,59905.94524879255,59906.02806497713,98.4375,1381.46484375,1332.24609375,1430.68359375,7155.318347574212,119.25530579290353,1.9875884298817255,0.08281618457840523
260,stk,r117_59906_202,59906.02808366701,59906.15019661262,98.4375,1381.46484375,1332.24609375,1430.68359375,10550.558500690386,175.8426416781731,2.9307106946362182,0.12211294560984243
261,stk,r117_59906_203,59906.15020777801,59906.27630118607,98.4375,1381.46484375,1332.24609375,1430.68359375,10894.470456708224,181.57450761180374,3.0262417935300623,0.1260934080637526
262,stk,r117_59906_204,59906.28648823137,59906.4105785033,98.4375,1381.46484375,1332.24609375,1430.68359375,10721.399494679643,178.68999157799405,2.978166526299901,0.12409027192916253
263,stk,r117_59906_205,59906.41059739545,59906.535533486305,98.4375,1381.46484375,1332.24609375,1430.68359375,10794.478249875827,179.90797083126378,2.998466180521063,0.12493609085504429
264,wb,p11715,59906.52373842593,59907.021377227415,128.0,1271.0,1207.0,1335.0,41195.74412656948,686.5957354428247,11.443262257380411,0.4768025940575171
265,stk,r117_59906_206,59906.535581303324,59906.659793666375,98.4375,1381.46484375,1332.24609375,1430.68359375,10731.948166969232,178.86580278282054,2.981096713047009,0.12421236304362537
266,stk,r117_59906_207,59906.65994864688,59906.78431247091,98.4375,1381.46484375,1332.24609375,1430.68359375,10745.034396531992,179.08390660886653,2.984731776814442,0.12436382403393509
267,tr,f22c12,59906.77091435184,59907.022210625226,256.0,4708.0,4580.0,4836.0,20648.97240847349,344.14954014122486,5.735825669020414,0.23899273620918393
268,stk,r117_59907_208,59907.42596671378,59907.55020792077,98.4375,1381.46484375,1332.24609375,1430.68359375,10734.440284059383,178.90733806765638,2.981788967794273,0.12424120699142804
269,wb,p11716,59907.52166666668,59908.01931712369,128.0,1271.0,1207.0,1335.0,41201.765248482116,686.6960874747019,11.444934791245032,0.476872282968543
270,stk,r117_59907_209,59907.55036241582,59907.67443177286,98.4375,1381.46484375,1332.24609375,1430.68359375,10719.592447928151,178.65987413213585,2.977664568868931,0.12406935703620545
271,stk,r117_59907_210,59907.67445693544,59907.79869397564,98.4375,1381.46484375,1332.24609375,1430.68359375,10734.080272936262,178.90133788227104,2.9816889647045173,0.12423704019602155
272,tr,f22l13,59907.76396990741,59907.949537006025,128.0,1414.0,1350.0,1478.0,15243.972788262181,254.06621313770302,4.234436885628384,0.17643487023451598
273,stk,r117_59908_211,59908.27128317383,59908.39529354848,98.4375,1381.46484375,1332.24609375,1430.68359375,10714.496369403787,178.57493949006312,2.976248991501052,0.12401037464587716
274,stk,r117_59908_212,59908.39530576566,59908.5195136383,98.4375,1381.46484375,1332.24609375,1430.68359375,10731.56019570306,178.859336595051,2.98098894325085,0.12420787263545208
275,wb,p11717,59908.51888888889,59909.0165161163,128.0,1271.0,1207.0,1335.0,40021.789508569054,667.0298251428176,11.117163752380293,0.46321515634917887
276,stk,r117_59908_213,59908.66429936992,59908.789678597415,98.4375,1381.46484375,1332.24609375,1430.68359375,10832.765255542472,180.54608759237453,3.009101459872909,0.12537922749470454
277,tr,f22l14,59908.75702546296,59909.04305554973,128.0,1414.0,1350.0,1478.0,23478.952214797027,391.3158702466171,6.521931170776952,0.27174713211570634
278,stk,r117_59908_214,59908.78969206869,59908.91960480968,98.4375,1381.46484375,1332.24609375,1430.68359375,11224.460821319373,187.07434702198955,3.117905783699826,0.12991274098749275
279,stk,r117_59908_215,59908.91961431642,59909.04543465782,98.4375,1381.46484375,1332.24609375,1430.68359375,10870.877496642059,181.18129161070098,3.019688193511683,0.12582034139632012
280,stk,r117_59909_216,59909.04544772457,59909.16987206827,98.4375,1381.46484375,1332.24609375,1430.68359375,10750.263295322657,179.17105492204428,2.986184248700738,0.12442434369586408
281,stk,r117_59909_217,59909.1698802805,59909.29391492772,98.4375,1381.46484375,1332.24609375,1430.68359375,10716.59352032002,178.60989200533368,2.976831533422228,0.12403464722592616
282,stk,r117_59909_218,59909.29393491216,59909.418119038106,98.4375,1381.46484375,1332.24609375,1430.68359375,10729.508481826631,178.8251413637772,2.98041902272962,0.12418412594706749
283,stk,r117_59909_219,59909.41813072938,59909.54365272019,98.4375,1381.46484375,1332.24609375,1430.68359375,10845.10000620503,180.75166677008383,3.012527779501397,0.12552199081255822
284,wb,p11718,59909.516122685185,59910.01366893407,128.0,1271.0,1207.0,1335.0,41179.72057387233,686.3286762312055,11.438811270520091,0.47661713627167046
285,stk,r117_59909_220,59909.543660366064,59909.551110191074,98.4375,1381.46484375,1332.24609375,1430.68359375,643.6648809118196,10.727748015196994,0.17879580025328323,0.007449825010553468
286,stk,r117_59909_221,59909.561006329335,59909.68478720662,98.4375,1381.46484375,1332.24609375,1430.68359375,10694.667797489092,178.24446329148486,2.970741054858081,0.12378087728575338
287,stk,r117_59909_222,59909.68479744157,59909.80915398383,98.4375,1381.46484375,1332.24609375,1430.68359375,10744.405250879936,179.07342084799893,2.9845570141333155,0.12435654225555481
288,tr,f22c13,59909.75702546296,59910.03436340301,256.0,4708.0,4580.0,4836.0,22769.967238325626,379.49945397209376,6.324990899534896,0.26354128748062067
289,stk,r117_59909_223,59909.80916280285,59909.933484999405,98.4375,1381.46484375,1332.24609375,1430.68359375,10741.437782440336,179.02396304067227,2.983732717344538,0.12432219655602242
290,stk,r117_59910_224,59910.28071584452,59910.407675865055,98.4375,1381.46484375,1332.24609375,1430.68359375,10969.345774152316,182.82242956920527,3.047040492820088,0.12696002053417033
291,stk,r117_59910_225,59910.40768646409,59910.416371116815,98.4375,1381.46484375,1332.24609375,1430.68359375,750.353995570913,12.505899926181883,0.2084316654363647,0.008684652726515196
292,wb,p11719,59910.51334490741,59910.84273141407,128.0,1271.0,1207.0,1335.0,26752.862082165666,445.8810347027611,7.431350578379352,0.309639607432473
293,stk,r117_59910_226,59910.528723527044,59910.65291788794,98.4375,1381.46484375,1332.24609375,1430.68359375,10730.392781621777,178.83987969369628,2.9806646615616046,0.12419436089840019
294,stk,r117_59910_227,59910.65762406045,59910.785640950126,98.4375,1381.46484375,1332.24609375,1430.68359375,11060.659268125892,184.34432113543153,3.072405352257192,0.128016889677383
295,stk,r117_59910_228,59910.78565858821,59910.90978797945,98.4375,1381.46484375,1332.24609375,1430.68359375,10724.779403046705,178.74632338411175,2.979105389735196,0.12412939123896649
296,stk,r117_59910_229,59910.909796798485,59911.036250492754,98.4375,1381.46484375,1332.24609375,1430.68359375,10925.599184841849,182.09331974736415,3.034888662456069,0.12645369426900288
297,wb,p11720,59911.51054398147,59912.00818240593,64.0,332.0,300.0,364.0,41195.94136385713,686.5990227309521,11.443317045515869,0.47680487689649453
298,stk,r117_59911_230,59911.52393364309,59911.648802903415,98.4375,1381.46484375,1332.24609375,1430.68359375,10788.704092148691,179.81173486914486,2.996862247819081,0.12486926032579504
299,stk,r117_59911_231,59911.648820501025,59911.77305802669,98.4375,1381.46484375,1332.24609375,1430.68359375,10734.122216608377,178.90203694347295,2.981700615724549,0.12423752565518956
300,tr,f22l15,59911.750092592585,59911.9906249549,128.0,1414.0,1350.0,1478.0,19768.95920871757,329.48265347862616,5.491377557977103,0.22880739824904595
301,stk,r117_59911_232,59911.773081328385,59911.89736472924,98.4375,1381.46484375,1332.24609375,1430.68359375,10738.085833587684,178.9680972264614,2.9828016204410233,0.1242834008517093
302,stk,r117_59911_233,59911.897405992626,59912.014455149525,98.4375,1381.46484375,1332.24609375,1430.68359375,10113.047156087125,168.5507859347854,2.809179765579757,0.11704915689915654
303,stk,r117_59912_234,59912.48959260585,59912.62037406291,98.4375,1381.46484375,1332.24609375,1430.68359375,11299.517890065908,188.32529816776514,3.1387549694627523,0.13078145706094801
304,tr,f22c14,59912.49579861111,59912.70369211338,256.0,4708.0,4580.0,4836.0,17057.972318376414,284.2995386396069,4.7383256439934485,0.19743023516639369
305,wb,p11721,59912.5077662037,59913.005404628144,64.0,332.0,300.0,364.0,41205.11640901677,686.7519401502796,11.445865669171326,0.47691106954880524
306,stk,r117_59912_235,59912.62041532631,59912.744571296054,98.4375,1381.46484375,1332.24609375,1430.68359375,10727.075785305351,178.78459642175585,2.979743273695931,0.12415596973733045
307,stk,r117_59912_236,59912.7445867496,59912.868900369824,98.4375,1381.46484375,1332.24609375,1430.68359375,10740.696787415072,179.01161312358454,2.9835268853930756,0.12431362022471149
308,tr,f22c15,59912.75008101852,59913.027418975595,256.0,4708.0,4580.0,4836.0,22479.980664979666,374.6663444163278,6.244439073605463,0.2601849614002276
309,stk,r117_59912_237,59912.86895615633,59913.00780274862,98.4375,1381.46484375,1332.24609375,1430.68359375,11996.34557417594,199.93909290293234,3.3323182150488724,0.13884659229370303
310,stk,r117_59913_238,59913.4895886488,59913.62419251329,98.4375,1381.46484375,1332.24609375,1430.68359375,11629.77389206644,193.829564867774,3.2304927477962333,0.1346038644915097
311,wb,p11722,59913.505,59914.002648088885,64.0,332.0,300.0,364.0,41194.89279091358,686.5815465152264,11.443025775253773,0.47679274063557386
312,stk,r117_59913_239,59913.624221964026,59913.748761157556,98.4375,1381.46484375,1332.24609375,1430.68359375,10760.186320985667,179.33643868309446,2.988940644718241,0.1245391935299267
313,stk,r117_59913_240,59913.74878737194,59913.87368984527,98.4375,1381.46484375,1332.24609375,1430.68359375,10791.573696001431,179.85956160002385,2.9976593600003976,0.12490247333334989
314,tr,f22c16,59913.77092592593,59914.03089119782,256.0,4708.0,4580.0,4836.0,19209.969770000316,320.1661628333386,5.336102713888977,0.22233761307870736
315,stk,r117_59913_241,59913.873734628185,59914.01050567113,98.4375,1381.46484375,1332.24609375,1430.68359375,11817.018110048955,196.95030183414926,3.2825050305691543,0.13677104294038142
316,stk,r117_59914_242,59914.48959393687,59914.623664330225,98.4375,1381.46484375,1332.24609375,1430.68359375,11583.681986317972,193.06136643863286,3.217689440643881,0.13407039336016172
317,wb,p11723,59914.51278935184,59914.999849072585,64.0,332.0,300.0,364.0,40295.214320509695,671.5869053418282,11.19311508903047,0.4663797953762696
318,stk,r117_59914_243,59914.62372128992,59914.748035476514,98.4375,1381.46484375,1332.24609375,1430.68359375,10740.74572159443,179.0124286932405,2.983540478220675,0.12431418659252813
319,tr,f22c17,59914.77091435184,59915.03089119782,256.0,4708.0,4580.0,4836.0,21340.977268712595,355.68295447854325,5.928049241309054,0.2470020517212106
320,stk,r117_59914_244,59914.81592446162,59914.940475265525,98.4375,1381.46484375,1332.24609375,1430.68359375,10761.189457518049,179.3531576253008,2.9892192937550135,0.1245508039064589
321,stk,r117_59914_245,59914.94053873835,59915.007245931396,98.4375,1381.46484375,1332.24609375,1430.68359375,5763.501478987747,96.05835798312911,1.6009726330521519,0.06670719304383967
322,wb,p11724,59915.499444444446,59915.99707129481,64.0,332.0,300.0,364.0,41197.776380809955,686.6296063468326,11.44382677244721,0.47682611551863374
323,tr,f22l16,59915.73967592593,59916.017013883065,128.0,1414.0,1350.0,1478.0,22780.952836177312,379.68254726962186,6.328042454493698,0.26366843560390407
324,wb,p11725,59916.49665509259,59916.8422101837,64.0,332.0,300.0,364.0,28297.666296735406,471.62777161225677,7.860462860204279,0.327519285841845
325,stk,r117_59916_246,59916.89905424179,59917.03000378656,98.4375,1381.46484375,1332.24609375,1430.68359375,11314.040668238888,188.56734447064812,3.142789074510802,0.13094954477128343
326,stk,r117_59917_247,59917.03001317197,59917.15636366727,98.4375,1381.46484375,1332.24609375,1430.68359375,10916.682794108056,181.94471323513426,3.0324118872522376,0.12635049530217657
327,stk,r117_59917_248,59917.15637325492,59917.280642375394,98.4375,1381.46484375,1332.24609375,1430.68359375,10736.85200905893,178.9475334843155,2.9824588914052583,0.1242691204752191
328,stk,r117_59917_249,59917.29051856968,59917.39585215523,98.4375,1381.46484375,1332.24609375,1430.68359375,9100.821791240014,151.68036318733357,2.528006053122226,0.10533358554675942
329,stk,r117_59917_250,59917.395867366045,59917.54270542629,98.4375,1381.46484375,1332.24609375,1430.68359375,12686.808405211197,211.44680675351995,3.524113445891999,0.14683806024549997
330,wb,p11726,59917.493900462956,59917.991536977774,64.0,332.0,300.0,364.0,41205.378551152535,686.7563091858756,11.44593848643126,0.4769141036013025
331,stk,r117_59917_251,59917.54271392169,59917.667618984095,98.4375,1381.46484375,1332.24609375,1430.68359375,10791.797391604632,179.8632898600772,2.9977214976679534,0.12490506240283139
332,stk,r117_59917_252,59917.667625497226,59917.79239540174,98.4375,1381.46484375,1332.24609375,1430.68359375,10780.119749880396,179.6686624980066,2.99447770830011,0.12476990451250458
333,tr,f22c18,59917.750092592585,59918.027418965234,256.0,4708.0,4580.0,4836.0,22757.95979804825,379.29932996747084,6.321655499457847,0.2634023124774103
334,stk,r117_59917_253,59917.79240385668,59917.916703479714,98.4375,1381.46484375,1332.24609375,1430.68359375,10739.487430290319,178.99145717150532,2.983190952858422,0.12429962303576758
335,stk,r117_59917_254,59917.91671529238,59918.04103299849,98.4375,1381.46484375,1332.24609375,1430.68359375,10741.049808030948,179.0174968005158,2.9836249466752633,0.1243177061114693
336,wb,p11727,59918.49111111112,59918.98885359852,64.0,332.0,300.0,364.0,41826.40947718173,697.1068246196955,11.618447076994926,0.48410196154145524
337,stk,r117_59918_255,59918.67529794151,59918.83650452702,98.4375,1381.46484375,1332.24609375,1430.68359375,13928.248987882398,232.1374831313733,3.868958052189555,0.16120658550789813
338,tr,f22l17,59918.73966435184,59918.98888884379,128.0,1414.0,1350.0,1478.0,20486.96753885597,341.44945898093283,5.6908243163488805,0.23711767984787002
339,stk,r117_59919_256,59919.62604438975,59919.7302214267,98.4375,1381.46484375,1332.24609375,1430.68359375,9000.89599234052,150.01493320567533,2.5002488867612556,0.10417703694838565
340,stk,r117_59919_257,59919.73024707474,59919.833590348135,98.4375,1381.46484375,1332.24609375,1430.68359375,8928.858821466565,148.81431369110942,2.4802385615184903,0.10334327339660376
341,stk,r117_59920_258,59920.53225597053,59920.65712154951,98.4375,1381.46484375,1332.24609375,1430.68359375,10788.386024069041,179.80643373448402,2.9967738955747336,0.12486557898228057
342,stk,r117_59920_259,59920.65715840339,59920.78131194586,98.4375,1381.46484375,1332.24609375,1430.68359375,10726.866069459356,178.78110115765594,2.9796850192942657,0.1241535424705944
343,tr,f22c19,59920.72230324074,59920.99964119782,256.0,4708.0,4580.0,4836.0,22745.968772890046,379.09947954816744,6.318324659136124,0.26326352746400516
344,stk,r117_59920_260,59920.781363080125,59920.905199177556,98.4375,1381.46484375,1332.24609375,1430.68359375,10699.438818055203,178.32398030092006,2.9720663383486676,0.12383609743119448
345,stk,r117_59920_261,59920.90520807749,59920.9895890352,98.4375,1381.46484375,1332.24609375,1430.68359375,7290.514745749532,121.50857909582554,2.0251429849304254,0.0843809577054344
346,stk,r117_59921_262,59921.4687490891,59921.59319750313,98.4375,1381.46484375,1332.24609375,1430.68359375,10752.342971856706,179.20571619761176,2.9867619366268627,0.12444841402611928
347,wb,p11729,59921.49333333332,59921.98040463111,64.0,332.0,300.0,364.0,40305.44947546441,671.7574912577402,11.195958187629003,0.46649825781787513
348,stk,r117_59921_263,59921.59320336901,59921.71742345884,98.4375,1381.46484375,1332.24609375,1430.68359375,10732.61576103978,178.876929350663,2.9812821558443834,0.12422008982684932
349,stk,r117_59921_264,59921.71743818421,59921.84174759718,98.4375,1381.46484375,1332.24609375,1430.68359375,10740.333280409686,179.00555467349477,2.983425911224913,0.1243094129677047
350,stk,r117_59921_265,59921.841759854826,59921.98620548697,98.4375,1381.46484375,1332.24609375,1430.68359375,12480.102617572993,208.00171029288322,3.4666951715480536,0.14444563214783557
351,wb,p11730,59922.48,59922.97764809184,64.0,332.0,300.0,364.0,41196.47744146641,686.6079573577736,11.443465955962893,0.47681108149845386
352,tr,f22l18,59922.7153587963,59923.01006943861,128.0,1414.0,1350.0,1478.0,24194.937119353563,403.24895198922604,6.720815866487101,0.28003399443696253
353,stk,r117_59923_266,59923.45833803227,59923.582685876856,98.4375,1381.46484375,1332.24609375,1430.68359375,10743.653771979734,179.06089619966224,2.9843482699943706,0.12434784458309878
354,wb,p11731,59923.47791666666,59923.975564758526,64.0,332.0,300.0,364.0,41206.70105454046,686.7783509090077,11.446305848483462,0.4769294103534776
355,stk,r117_59923_267,59923.58296133032,59923.70928743165,98.4375,1381.46484375,1332.24609375,1430.68359375,10914.575154916385,181.90958591527308,3.031826431921218,0.12632610133005076
356,stk,r117_59923_268,59923.709297423855,59923.833394330286,98.4375,1381.46484375,1332.24609375,1430.68359375,10721.972715645097,178.69954526075162,2.9783257543458603,0.12409690643107751
357,tr,f22c20,59923.71883101852,59923.961446753376,256.0,4708.0,4580.0,4836.0,19944.97854982037,332.41630916367285,5.5402718193945475,0.23084465914143948
358,stk,r117_59923_269,59923.833411240186,59923.98633342804,98.4375,1381.46484375,1332.24609375,1430.68359375,13212.47703039553,220.20795050659217,3.670132508443203,0.15292218785180012
359,wb,p11732,59924.47515046296,59924.86306475852,64.0,332.0,300.0,364.0,31877.515262947418,531.2919210491236,8.854865350818727,0.3689527229507803
360,stk,r117_59924_270,59924.49754530844,59924.62603644412,98.4375,1381.46484375,1332.24609375,1430.68359375,11101.634122570977,185.02723537618294,3.0837872562697157,0.12849113567790482
361,stk,r117_59924_271,59924.626044696815,59924.7701503104,98.4375,1381.46484375,1332.24609375,1430.68359375,12450.725014018826,207.51208356698044,3.4585347261163406,0.14410561358818086
362,stk,r117_59924_272,59924.770155852624,59924.8945644596,98.4375,1381.46484375,1332.24609375,1430.68359375,10748.903642920777,179.14839404867962,2.9858065674779937,0.12440860697824974
363,stk,r117_59924_273,59924.894574451806,59925.014167052774,98.4375,1381.46484375,1332.24609375,1430.68359375,10332.800722983666,172.2133453830611,2.8702224230510183,0.1195926009604591
364,stk,r117_59925_274,59925.351580169016,59925.47712262969,98.4375,1381.46484375,1332.24609375,1430.68359375,10846.86860202346,180.78114336705767,3.0130190561176278,0.12554246067156782
365,wb,p11733,59925.47236111111,59925.97000920296,64.0,332.0,300.0,364.0,32874.187271576375,547.9031211929396,9.131718686548993,0.38048827860620804
366,stk,r117_59925_275,59925.47712970919,59925.60318666793,98.4375,1381.46484375,1332.24609375,1430.68359375,10891.321235708892,181.5220205951482,3.0253670099191368,0.1260569587466307
367,stk,r117_59925_276,59925.60319666013,59925.72992046789,98.4375,1381.46484375,1332.24609375,1430.68359375,10948.936990764925,182.48228317941542,3.0413713863235903,0.12672380776348294
368,tr,f22l19,59925.71883101852,59925.987488379345,128.0,1414.0,1350.0,1478.0,22058.93862163648,367.64897702727467,6.127482950454578,0.2553117896022741
369,stk,r117_59925_277,59925.729935800075,59925.85500482384,98.4375,1381.46484375,1332.24609375,1430.68359375,10805.963653279468,180.09939422132447,3.001656570355408,0.12506902376480866
370,stk,r117_59925_278,59925.85504730086,59925.97993662652,98.4375,1381.46484375,1332.24609375,1430.68359375,10790.437737316824,179.8406289552804,2.99734381592134,0.12488932566338917
371,wb,p11734,59926.46958333332,59926.96721928889,64.0,332.0,300.0,364.0,41201.45819422323,686.6909699037205,11.444849498395342,0.47686872909980593
372,tr,f22c21,59926.71883101852,59926.96145832079,256.0,4708.0,4580.0,4836.0,19787.978869560175,329.7996478260029,5.4966607971000485,0.22902753321250202
373,wb,p11735,59927.466805555545,59927.964453647415,64.0,332.0,300.0,364.0,32625.41262076702,543.7568770127837,9.062614616879728,0.37760894236998865
374,tr,f22l20,59927.70841435184,59927.97708332082,128.0,1414.0,1350.0,1478.0,22100.9676854359,368.34946142393164,6.139157690398861,0.25579823709995253
375,wb,p11736,59928.46402777777,59928.96167586963,64.0,332.0,300.0,364.0,41194.11815721542,686.5686359535903,11.442810599226505,0.476783774967771
376,tr,f22c22,59928.73619212963,59928.97881943856,256.0,4708.0,4580.0,4836.0,19934.97202657163,332.24953377619386,5.537492229603231,0.23072884290013462
377,wb,p11737,59929.46126157407,59929.95889809185,64.0,332.0,300.0,364.0,41198.31245087553,686.6385408479255,11.443975680798758,0.4768323200332816
378,tr,f22l21,59929.70841435184,59929.97708332082,128.0,1414.0,1350.0,1478.0,22081.95814699866,368.032635783311,6.133877263055183,0.25557821929396596
379,wb,p11738,59930.45846064815,59930.862487964456,64.0,332.0,300.0,364.0,33258.752512419596,554.3125418736599,9.238542364560999,0.3849392651900416
380,stk,r117_59930_279,59930.88666100649,59931.01285615719,98.4375,1381.46484375,1332.24609375,1430.68359375,10903.261020826176,181.7210170137696,3.02868361689616,0.12619515070400666
381,stk,r117_59931_280,59931.0116848023,59931.13690581295,98.4375,1381.46484375,1332.24609375,1430.68359375,10819.095319882035,180.31825533136725,3.0053042555227876,0.12522101064678282
382,stk,r117_59931_281,59931.135516045215,59931.258034464496,98.4375,1381.46484375,1332.24609375,1430.68359375,10585.591425863096,176.42652376438494,2.940442062739749,0.12251841928082288
383,wb,p11739,59931.455706018525,59931.95334253629,64.0,332.0,300.0,364.0,41195.42888549622,686.590481424937,11.443174690415617,0.47679894543398404
384,tr,f22c23,59931.69800925926,59931.95797453117,256.0,4708.0,4580.0,4836.0,21369.976958655752,356.16628264426254,5.936104710737709,0.24733769628073787
385,wb,p11740,59932.452916666676,59932.950564758525,64.0,332.0,300.0,364.0,41202.506759623066,686.7084459937178,11.445140766561963,0.4768808652734151
386,tr,f22l22,59932.69800925926,59932.975335642324,128.0,1414.0,1350.0,1478.0,22784.9587287521,379.7493121458683,6.329155202431139,0.26371480010129744
387,wb,p11741,59933.45013888889,59933.94776574224,64.0,332.0,300.0,364.0,41184.68097432051,686.4113495720085,11.440189159533475,0.4766745483138948
388,tr,f22c24,59933.69452546296,59933.945821753376,256.0,4708.0,4580.0,4836.0,20656.973942974582,344.2828990495764,5.7380483174929395,0.2390853465622058
389,wb,p11742,59934.55292824072,59934.86222176074,64.0,332.0,300.0,364.0,24179.91424142383,402.9985706903972,6.716642844839953,0.27986011853499804
390,stk,r117_59934_282,59934.61198331494,59934.6409840063,98.4375,1381.46484375,1332.24609375,1430.68359375,2505.6597332004458,41.76099555334076,0.6960165925556794,0.02900069135648664
391,stk,r117_59934_283,59934.641329728925,59934.76533715041,98.4375,1381.46484375,1332.24609375,1430.68359375,10714.241216517983,178.5706869419664,2.97617811569944,0.12400742148747665
392,stk,r117_59934_284,59934.76536741023,59934.89882908742,98.4375,1381.46484375,1332.24609375,1430.68359375,11531.088909460232,192.18481515767053,3.203080252627842,0.13346167719282676
393,stk,r117_59934_285,59934.898851822734,59934.92941603316,98.4375,1381.46484375,1332.24609375,1430.68359375,2640.7477810280398,44.012463017133996,0.7335410502855666,0.030564210428565275
394,wb,p11743,59935.44457175926,59935.94223142518,64.0,332.0,300.0,364.0,41233.701885002665,687.2283647500444,11.453806079167407,0.4772419199653086
395,stk,r117_59935_286,59935.62191990555,59935.74873603008,98.4375,1381.46484375,1332.24609375,1430.68359375,10956.913159531541,182.6152193255257,3.0435869887587614,0.12681612453161506
396,tr,f22l23,59935.69105324074,59935.97707175343,128.0,1414.0,1350.0,1478.0,23500.976399425417,391.6829399904236,6.528048999840394,0.2720020416600164
397,stk,r117_59935_287,59935.74876410536,59935.87307995058,98.4375,1381.46484375,1332.24609375,1430.68359375,10740.889026992954,179.01481711654924,2.9835802852758206,0.12431584521982586
398,stk,r117_59935_288,59935.873090711415,59935.970242005984,98.4375,1381.46484375,1332.24609375,1430.68359375,8393.871850753203,139.89786417922005,2.3316310696536675,0.09715129456890281
399,wb,p11744,59936.441793981474,59936.939432408886,64.0,332.0,300.0,364.0,41199.0988873411,686.6516481223516,11.444194135372527,0.4768414223071886
400,tr,f22c25,59936.687592592585,59936.964918975595,256.0,4708.0,4580.0,4836.0,22786.969732353464,379.78282887255773,6.329713814542629,0.26373807560594287
401,wb,p11745,59937.439039351855,59937.93665463112,64.0,332.0,300.0,364.0,41196.47744838148,686.6079574730247,11.443465957883745,0.4768110815784894
402,wb,p11746,59938.436261574076,59938.93387685332,64.0,332.0,300.0,364.0,41197.526018181816,686.6254336363636,11.443757227272727,0.4768232178030303
403,wb,p11747,59939.43417824074,59939.93179352,64.0,332.0,300.0,364.0,41202.768905530684,686.7128150921781,11.445213584869634,0.4768838993695681
404,wb,p11748,59940.43138888889,59940.92901574223,64.0,332.0,300.0,364.0,41228.7211448187,687.145352413645,11.452422540227417,0.4771842725094757
405,wb,p11749,59941.42861111112,59941.88332129778,64.0,332.0,300.0,364.0,37550.314491125755,625.8385748520959,10.430642914201599,0.4346101214250666
406,wb,p11750,59942.42584490741,59942.92346018668,64.0,332.0,300.0,364.0,41217.71110596601,686.9618517661002,11.44936419610167,0.4770568415042362
407,wb,p11751,59943.42306712963,59943.92069398298,64.0,332.0,300.0,364.0,41201.98247220833,686.6997078701388,11.44499513116898,0.47687479713204084
408,wb,p11752,59944.420289351845,59944.91790463111,64.0,332.0,300.0,364.0,41195.69101128727,686.5948501881212,11.443247503135353,0.4768019792973064
409,wb,p11753,59947.592511574076,59947.90898102,64.0,332.0,300.0,364.0,26873.44537123572,447.890756187262,7.464845936454367,0.3110352473522653
410,wb,p11754,59948.40917824074,59948.90679352,64.0,332.0,300.0,364.0,40568.118283711374,676.1353047285229,11.268921745475382,0.46953840606147423
411,stk,r117_59949_289,59949.40027780457,59949.52445824918,98.4375,1381.46484375,1332.24609375,1430.68359375,10729.190414375626,178.81984023959376,2.980330670659896,0.124180444610829
412,wb,p11755,59949.406388888885,59949.90401574223,64.0,332.0,300.0,364.0,41197.00174208265,686.6166957013775,11.443611595022958,0.47681714979262324
413,stk,r117_59949_290,59949.52449283763,59949.64865467322,98.4375,1381.46484375,1332.24609375,1430.68359375,10727.582595194692,178.79304325324486,2.9798840542207476,0.12416183559253116
414,stk,r117_59949_291,59949.648683193525,59949.77305304525,98.4375,1381.46484375,1332.24609375,1430.68359375,10745.555189321749,179.09258648869582,2.9848764414782636,0.12436985172826098
415,tr,f22l24,59949.64938657407,59949.926736098525,128.0,1414.0,1350.0,1478.0,22815.965177700855,380.26608629501425,6.337768104916904,0.26407367103820434
416,stk,r117_59949_292,59949.77310535269,59949.89740388345,98.4375,1381.46484375,1332.24609375,1430.68359375,10739.393057813868,178.9898842968978,2.98316473828163,0.12429853076173458
417,stk,r117_59950_293,59950.39005988119,59950.517686629406,98.4375,1381.46484375,1332.24609375,1430.68359375,11026.95104596205,183.78251743270084,3.0630419572116807,0.12762674821715336
418,stk,r117_59950_294,59950.51770875793,59950.641787378976,98.4375,1381.46484375,1332.24609375,1430.68359375,10720.392858493142,178.67321430821903,2.977886905136984,0.12407862104737433
419,stk,r117_59950_295,59950.64199082378,59950.76614946349,98.4375,1381.46484375,1332.24609375,1430.68359375,10727.306470787153,178.78844117978588,2.9798073529964313,0.12415863970818464
420,tr,f22l25,59950.64938657407,59950.94408564223,128.0,1414.0,1350.0,1478.0,24231.968768220395,403.8661461370066,6.731102435616776,0.28046260148403235
421,stk,r117_59950_296,59950.76616317749,59950.9009310438,98.4375,1381.46484375,1332.24609375,1430.68359375,11643.9436489949,194.06572748324834,3.2344287913874723,0.13476786630781135
422,stk,r117_59951_297,59951.396265643525,59951.520951928935,98.4375,1381.46484375,1332.24609375,1430.68359375,10772.895059385335,179.5482509897556,2.99247084982926,0.12468628540955248
423,stk,r117_59951_298,59951.52106572696,59951.64529957125,98.4375,1381.46484375,1332.24609375,1430.68359375,10733.804146642795,178.89673577737992,2.981612262956332,0.12423384428984716
424,tr,f22l26,59951.64244212963,59951.937152751845,128.0,1414.0,1350.0,1478.0,22183.931895461865,369.73219825769775,6.162203304294962,0.2567584710122901
425,stk,r117_59951_299,59951.64541397605,59951.769532606464,98.4375,1381.46484375,1332.24609375,1430.68359375,10723.849667469041,178.7308277911507,2.9788471298525114,0.12411863041052132
426,stk,r117_59951_300,59951.76958390253,59951.900478388976,98.4375,1381.46484375,1332.24609375,1430.68359375,11309.283628687263,188.48806047812104,3.1414676746353507,0.1308944864431396
427,stk,r117_59952_301,59952.385108814226,59952.506291310456,98.4375,1381.46484375,1332.24609375,1430.68359375,10470.167674287222,174.5027945714537,2.9083799095242284,0.12118249623017618
428,stk,r117_59952_302,59952.50634713741,59952.63254018447,98.4375,1381.46484375,1332.24609375,1430.68359375,10903.07926638052,181.71798777300867,3.0286331295501445,0.12619304706458936
429,stk,r117_59952_303,59952.632567005676,59952.75706445034,98.4375,1381.46484375,1332.24609375,1430.68359375,10756.579218618572,179.27632031030953,2.987938671838492,0.12449744465993717
430,stk,r117_59952_304,59952.757144064446,59952.89628144242,98.4375,1381.46484375,1332.24609375,1430.68359375,12021.469457214696,200.3578242869116,3.339297071448527,0.13913737797702194
431,stk,r117_59953_305,59953.48056399801,59953.60484011709,98.4375,1381.46484375,1332.24609375,1430.68359375,10737.45668856427,178.95761147607118,2.9826268579345196,0.12427611908060499
432,stk,r117_59953_306,59953.60486689783,59953.72969424747,98.4375,1381.46484375,1332.24609375,1430.68359375,10785.083009395748,179.75138348992914,2.995856391498819,0.12482734964578412
433,tr,f22c26,59953.63896990741,59953.94234953117,256.0,4708.0,4580.0,4836.0,24931.975311948918,415.5329218658153,6.925548697763588,0.28856452907348284
434,stk,r117_59953_307,59953.72976229165,59953.89608173697,98.4375,1381.46484375,1332.24609375,1430.68359375,14370.000075758435,239.50000126264058,3.9916666877106763,0.16631944532127818
435,stk,r117_59954_308,59954.47624475964,59954.600113908244,98.4375,1381.46484375,1332.24609375,1430.68359375,10702.29443963617,178.37157399393618,2.972859566565603,0.12386914860690013
436,stk,r117_59954_309,59954.600133164495,59954.72927686883,98.4375,1381.46484375,1332.24609375,1430.68359375,11158.01605435554,185.966934239259,3.09944890398765,0.12914370433281874
437,tr,f22l27,59954.638981481476,59954.93368054973,128.0,1414.0,1350.0,1478.0,24179.921179125085,402.9986863187514,6.71664477197919,0.27986019883246627
438,stk,r117_59954_310,59954.72950729662,59954.895958865774,98.4375,1381.46484375,1332.24609375,1430.68359375,14381.415574718269,239.6902595786378,3.9948376596439634,0.16645156915183182
439,tr,f22l28,59955.6216087963,59955.94234951046,128.0,1414.0,1350.0,1478.0,26341.957940231077,439.0326323371846,7.317210538953077,0.3048837724563782
440,tr,f22l29,59956.63030092593,59956.94236106454,128.0,1414.0,1350.0,1478.0,25629.946152702905,427.1657692117151,7.119429486861918,0.29664289528591326
441,tr,f22l30,59957.6216087963,59957.94236109861,128.0,1414.0,1350.0,1478.0,26375.962933315895,439.5993822219316,7.3266563703655265,0.30527734876523027
442,tr,f22l31,59958.6216087963,59958.85450228603,128.0,1414.0,1350.0,1478.0,19159.970017313026,319.33283362188376,5.322213893698063,0.22175891223741928
443,tr,f22l32,59959.62855324074,59959.90590276528,128.0,1414.0,1350.0,1478.0,22804.955407907255,380.0825901317876,6.334709835529793,0.2639462431470747
444,stk,r117_59962_311,59962.370898692156,59962.49519006251,98.4375,1381.46484375,1332.24609375,1430.68359375,10738.774398551324,178.97957330918874,2.982992888486479,0.1242913703536033
445,stk,r117_59962_312,59962.495210491936,59962.61948297013,98.4375,1381.46484375,1332.24609375,1430.68359375,10737.142115738243,178.95236859563738,2.9825394765939564,0.12427247819141485
446,stk,r117_59962_313,59962.619512097226,59962.74446784889,98.4375,1381.46484375,1332.24609375,1430.68359375,10796.176943765022,179.9362823960837,2.9989380399347283,0.12495575166394701
447,tr,f22l33,59962.6268287037,59962.89548609861,128.0,1414.0,1350.0,1478.0,22084.95232395362,368.08253873256035,6.134708978876006,0.2556128741198336
448,stk,r117_59962_314,59962.744477962464,59962.87575886858,98.4375,1381.46484375,1332.24609375,1430.68359375,11342.670288146472,189.0445048024412,3.1507417467073533,0.13128090611280638
449,stk,r117_59964_315,59964.42112684789,59964.54584120862,98.4375,1381.46484375,1332.24609375,1430.68359375,10775.320767285302,179.58867945475504,2.9931446575792506,0.12471436073246878
450,tr,f22l34,59964.6112037037,59964.88854166084,128.0,1414.0,1350.0,1478.0,22790.963470749557,379.8493911791593,6.330823186319321,0.2637842994299717
451,wb,p11768,59964.7893287037,59964.86304352,64.0,332.0,300.0,364.0,6266.555903130211,104.44259838550352,1.7407099730917253,0.07252958221215522
452,wb,p11769,59965.36263888889,59965.77929352001,64.0,332.0,300.0,364.0,34327.25197041873,572.1208661736455,9.535347769560758,0.3973061570650316
453,wb,p11770,59966.359872685185,59966.85748796445,64.0,332.0,300.0,364.0,41195.69101254456,686.594850209076,11.4432475034846,0.4768019793118583
454,tr,f22l35,59966.60424768519,59966.881585642324,128.0,1414.0,1350.0,1478.0,22777.950474293903,379.6325079048984,6.32720846508164,0.2636336860450683
455,wb,p11771,59967.357789351845,59967.85540463111,64.0,332.0,300.0,364.0,41204.60390551016,686.7433984251693,11.445723307086155,0.47690513779525645
456,tr,f22c27,59967.60427083332,59967.86422453117,256.0,4708.0,4580.0,4836.0,21334.974588663317,355.5829098110553,5.926381830184255,0.24693257625767728
457,wb,p11772,59968.35501157407,59968.85262685334,64.0,332.0,300.0,364.0,41194.380296207964,686.5730049367994,11.442883415613323,0.4767868089838885
458,tr,f22l36,59968.59730324074,59968.87465276528,128.0,1414.0,1350.0,1478.0,22805.97120593302,380.09952009888366,6.334992001648061,0.2639580000686692
459,wb,p11773,59969.352222222224,59969.84987031407,64.0,332.0,300.0,364.0,39861.11540899146,664.3519234831911,11.072532058053184,0.4613555024188827
460,stk,r117_59969_316,59969.3848725288,59969.5153274386,98.4375,1381.46484375,1332.24609375,1430.68359375,11271.30420722533,187.85507012042217,3.1309178353403695,0.13045490980584873
461,stk,r117_59969_317,59969.51533334491,59969.581128859376,98.4375,1381.46484375,1332.24609375,1430.68359375,5684.732449636795,94.74554082727991,1.5790923471213318,0.06579551446338883
462,tr,f22l37,59969.59037037037,59969.850335642324,128.0,1414.0,1350.0,1478.0,21371.977973752655,356.1996328958776,5.936660548264626,0.24736085617769277
463,tr,f22l38,59970.58688657407,59970.8468634201,128.0,1414.0,1350.0,1478.0,21382.97164400574,356.38286073342897,5.9397143455571495,0.2474880977315479
464,wb,p11774,59970.655555555546,59970.82291397629,64.0,332.0,300.0,364.0,13170.384388184175,219.50640646973625,3.6584401078289375,0.1524350044928724
465,wb,p11775,59971.34667824074,59971.84429352,64.0,332.0,300.0,364.0,41208.27392244246,686.804565374041,11.446742756234016,0.476947614843084
466,stk,r117_59971_318,59971.54330570224,59971.668395883615,98.4375,1381.46484375,1332.24609375,1430.68359375,10807.79167092405,180.12986118206751,3.0021643530344586,0.12509018137643577
467,tr,f22l39,59971.58689814816,59971.8468749875,128.0,1414.0,1350.0,1478.0,21381.972219608724,356.3662036601454,5.93943672766909,0.24747653031954542
468,stk,r117_59971_319,59971.75276875045,59971.85541855588,98.4375,1381.46484375,1332.24609375,1430.68359375,8868.943189526908,147.81571982544847,2.463595330424141,0.10264980543433921
469,wb,p11776,59972.34390046296,59972.779592536295,64.0,332.0,300.0,364.0,35950.18650891725,599.1697751486208,9.98616291914368,0.4160901216309867
470,stk,r117_59972_320,59972.536372713526,59972.62517561171,98.4375,1381.46484375,1332.24609375,1430.68359375,7672.570403292774,127.8761733882129,2.131269556470215,0.08880289818625896
471,stk,r117_59972_321,59972.624950527614,59972.664476462385,98.4375,1381.46484375,1332.24609375,1430.68359375,3415.0407648878167,56.91734608146361,0.9486224346910602,0.039525934778794174
472,stk,r117_59973_322,59973.324182409626,59973.44947324442,98.4375,1381.46484375,1332.24609375,1430.68359375,10825.128127005884,180.41880211676474,3.0069800352794123,0.12529083480330885
473,wb,p11777,59973.341122685175,59973.838737964456,64.0,332.0,300.0,364.0,41204.86604638863,686.7477674398106,11.445796123996843,0.4769081718332018
474,stk,r117_59973_323,59973.449483196164,59973.53923094546,98.4375,1381.46484375,1332.24609375,1430.68359375,7754.205539356916,129.23675898928192,2.1539459831546988,0.08974774929811245
475,tr,f22l40,59973.58341435184,59973.84340276528,128.0,1414.0,1350.0,1478.0,21384.970494057052,356.41617490095086,5.940269581682514,0.24751123257010477
476,wb,p11778,59974.33834490741,59974.83596018668,64.0,332.0,300.0,364.0,41200.67175021395,686.6778625035658,11.444631041726097,0.4768596267385874
477,stk,r117_59974_324,59974.405951909066,59974.61247287634,98.4375,1381.46484375,1332.24609375,1430.68359375,17843.411572370682,297.3901928728447,4.9565032145474115,0.20652096727280883
478,tr,f22l41,59974.58341435184,59974.84340276528,128.0,1414.0,1350.0,1478.0,21377.96633709222,356.299438951537,5.938323982525617,0.24743016593856737
479,wb,p11779,59975.335555555546,59975.8332036474,64.0,332.0,300.0,364.0,41202.76890993118,686.7128151655197,11.445213586091995,0.4768838994204998
480,tr,f22l42,59975.576481481476,59975.85381943861,128.0,1414.0,1350.0,1478.0,22766.936331032775,379.44893885054626,6.324148980842438,0.26350620753510157
481,wb,p11780,59976.332789351836,59976.830404631124,64.0,332.0,300.0,364.0,41204.6039061388,686.7433984356467,11.445723307260778,0.4769051378025324
482,stk,r117_59976_325,59976.400405853135,59976.451831466875,98.4375,1381.46484375,1332.24609375,1430.68359375,4443.173027713783,74.05288379522972,1.2342147299204953,0.051425613746687304
483,stk,r117_59976_326,59976.45199460479,59976.56648178954,98.4375,1381.46484375,1332.24609375,1430.68359375,9891.69276240282,164.861546040047,2.747692434000783,0.11448718475003264
484,wb,p11781,59977.33,59977.82762685334,64.0,332.0,300.0,364.0,41208.53607337922,686.8089345563203,11.446815575938672,0.47695064899744466
485,stk,r117_59977_327,59977.37915826737,59977.50689428271,98.4375,1381.46484375,1332.24609375,1430.68359375,11036.391725367866,183.93986208946444,3.0656643681577407,0.12773601533990586
486,stk,r117_59977_328,59977.506911758974,59977.64452813537,98.4375,1381.46484375,1332.24609375,1430.68359375,11890.054920944385,198.16758201573975,3.3027930335956626,0.13761637639981927
487,tr,f22l43,59977.57304398147,59977.850335641575,128.0,1414.0,1350.0,1478.0,22760.93978213612,379.34899636893533,6.322483272815589,0.26343680303398287
488,stk,r117_59977_329,59977.64453699487,59977.771560852336,98.4375,1381.46484375,1332.24609375,1430.68359375,10974.861284997314,182.91435474995524,3.0485725791659206,0.1270238574652467
489,stk,r117_59977_330,59977.771571451376,59977.83462185697,98.4375,1381.46484375,1332.24609375,1430.68359375,5447.55504343193,90.79258405719884,1.5132097342866473,0.06305040559527697
490,stk,r117_59978_331,59978.3617457579,59978.4863745982,98.4375,1381.46484375,1332.24609375,1430.68359375,10767.931801755913,179.4655300292652,2.99109216715442,0.12462884029810084
491,stk,r117_59978_332,59978.48638980901,59978.609871243396,98.4375,1381.46484375,1332.24609375,1430.68359375,10668.795930803752,177.81326551339586,2.9635544252232644,0.12348143438430267
492,wb,p11782,59978.52333333332,59978.82528698074,64.0,332.0,300.0,364.0,24610.354691091925,410.1725781848654,6.836209636414424,0.2848420681839343
493,stk,r117_59978_333,59978.609882975135,59978.73709595655,98.4375,1381.46484375,1332.24609375,1430.68359375,10991.201594425364,183.18669324042273,3.0531115540070455,0.12721298141696022
494,stk,r117_59978_334,59978.73710590832,59978.772846087275,98.4375,1381.46484375,1332.24609375,1430.68359375,3087.951461412013,51.46585769020022,0.8577642948366703,0.03574017895152793
495,stk,r117_59979_335,59979.331885331296,59979.45634240255,98.4375,1381.46484375,1332.24609375,1430.68359375,10753.090956131928,179.2181826021988,2.9869697100366466,0.12445707125152694
496,stk,r117_59979_336,59979.45635016978,59979.58076836442,98.4375,1381.46484375,1332.24609375,1430.68359375,10749.732017400676,179.16220029001127,2.986036671500188,0.12441819464584117
497,wb,p11783,59979.5022337963,59979.779571297775,64.0,332.0,300.0,364.0,22512.41523809731,375.20692063495517,6.253448677249253,0.2605603615520522
498,tr,f22l44,59979.56952546296,59979.77048609418,128.0,1414.0,1350.0,1478.0,16546.975935576484,275.78293225960806,4.596382204326801,0.19151592518028338
499,stk,r117_59979_337,59979.5807766171,59979.70509582003,98.4375,1381.46484375,1332.24609375,1430.68359375,10741.179133043624,179.01965221739374,2.9836608702898957,0.12431920292874565
500,stk,r117_59979_338,59979.705102252236,59979.785134977275,98.4375,1381.46484375,1332.24609375,1430.68359375,6914.827443449758,115.24712405749597,1.920785400958266,0.08003272503992775
501,stk,r117_59980_339,59980.306249623216,59980.41759241496,98.4375,1381.46484375,1332.24609375,1430.68359375,9620.01720671542,160.33362011192366,2.6722270018653944,0.11134279174439143
502,wb,p11784,59980.32237268519,59980.819987964445,64.0,332.0,300.0,364.0,41203.03104640916,686.7171841068193,11.445286401780322,0.4768869334075134
503,stk,r117_59980_340,59980.695273452,59980.82438616832,98.4375,1381.46484375,1332.24609375,1430.68359375,11155.338690080678,185.92231150134464,3.0987051916890773,0.1291127163203782
504,wb,p11785,59981.319594907414,59981.81721018666,64.0,332.0,300.0,364.0,41210.37106141448,686.8395176902413,11.447325294837356,0.4769718872848898
505,tr,f22l45,59981.562592592585,59981.84861109861,128.0,1414.0,1350.0,1478.0,23470.91995663941,391.1819992773235,6.519699987955391,0.271654166164808
506,wb,p11786,59982.316805555565,59982.814453647414,64.0,332.0,300.0,364.0,33512.770559149794,558.5461759858299,9.309102933097165,0.38787928887904854
507,tr,f22l46,59982.56258101852,59982.82256943196,128.0,1414.0,1350.0,1478.0,21382.967546512373,356.3827924418729,5.939713207364548,0.24748805030685617
