date_ut,utc_start,mjd_start_topo,duration_s,n_pulses
2021-09-25,22:37:01,59482.942361,3600,25
2021-09-26,20:41:00,59483.861805,3600,59
2021-09-27,19:31:00,59484.813194,3600,274
2021-09-28,18:46:00,59485.781944,3600,638
2021-09-29,18:48:00,59486.783333,3600,0
2021-09-30,19:58:00,59487.831944,3600,0
2021-10-01,21:08:00,59488.880555,3600,0
2021-10-02,20:29:00,59489.853472,2357,0
2021-10-02,21:18:55,59489.888136,7814,0
2021-10-07,22:20:00,59494.930555,3600,0
2021-10-08,21:50:00,59495.909722,3600,0
2021-10-09,21:11:00,59496.924305,3600,0
2021-10-10,21:42:00,59497.904166,3600,0
2021-10-11,21:52:00,59498.911111,3600,0
2021-10-12,17:44:00,59499.738888,3600,0
2021-10-13,18:23:00,59500.765972,3600,0
2021-10-14,21:29:00,59501.895138,3600,0
2021-10-17,21:07:00,59504.879861,3600,0
