session_date,burst_no,toa_mjd_bary_inffreq,nu_low_mhz,nu_0_mhz,nu_high_mhz,bw_mhz,w_sb_ms,snr,fluence_mjy_ms,group
20210925,1,59482.944753682,1031.7,1071.5,1267.0,390.8,10.0,20,93,D1-L
20210925,2,59482.946971143,1031.7,,1130.8,99.1,8.1,52,459,NE-L
20210925,3,59482.947246822,1031.7,,1080.0,48.3,18.4,15,177,NE-L
20210925,4,59482.947360478,1031.7,984.7,1098.6,227.7,8.6,11,115,NE-L
20210925,5,59482.947595156,1031.7,901.0,1076.5,351.0,8.8,18,219,NE-L
20210925,6,59482.947815988,1031.7,1013.3,1193.8,361.0,9.8,14,77,NE-L
20210925,7,59482.947929486,,,,,19.0,1000,11962,UD-L
20210925,8,59482.950287909,1031.7,1153.8,1360.3,413.0,10.9,98,589,D1-M
20210925,9,59482.952501355,,,,,11.4,47,364,D2-L
20210925,10,59482.953501565,,,,,21.1,90,641,C
20210925,11,59482.953785475,1031.7,,1121.0,89.4,11.1,15,109,NE-L
20210925,12,59482.954027419,1031.7,1058.7,1181.2,244.9,7.6,15,66,NE-L
20210925,13,59482.955931681,1031.7,1123.7,1291.2,335.0,7.6,43,193,ND
20210925,14,59482.959509633,,,,,15.0,464,3465,D2-L
20210925,15,59482.961794765,,,,,26.0,1637,15615,Dm-M
20210925,16,59482.961809487,1031.7,1069.8,1178.0,216.5,9.1,13,104,NE-L
20210925,17,59482.962619742,1031.7,1108.9,1224.5,231.4,17.3,39,339,ND
20210925,18,59482.963355541,1031.7,1043.2,1166.6,246.7,11.8,21,151,NE-L
20210925,19,59482.965807531,1031.7,1043.8,1151.0,214.3,7.3,155,1479,NE-L
20210925,20,59482.966180613,1031.7,1104.8,1232.1,254.8,15.5,680,7862,D1-L
20210925,21,59482.966695145,,,,,19.7,21,225,C
20210925,22,59482.968074379,1031.7,1003.7,1188.5,369.6,12.1,17,125,NE-L
20210925,23,59482.974072059,,,,,10.1,292,2173,D2-L
20210925,24,59482.974560108,,,,,21.0,173,1086,C
20210925,25,59482.979061484,1031.7,1052.2,1101.9,99.5,25.9,21,284,NE-L
20210925,26,59482.980701567,,,,,50.8,899,9911,C
20210925,27,59482.981367395,1031.7,,1158.1,126.5,11.2,25,200,NE-L
20210925,28,59482.981596278,1031.7,,1322.2,290.5,12.1,48,334,D1-L
20210925,29,59482.983078769,1031.7,1037.2,1107.7,141.1,11.7,26,264,NE-L
20210926,1,59483.867443675,,,,,36.7,67,633,C
20210926,2,59483.867991283,1032.7,1037.3,1042.0,9.3,92.5,22,550,NE-L
20210926,3,59483.868851392,,,,,48.0,64,416,C
20210926,4,59483.869067965,,,,,13.4,216,2261,D2-L
20210926,5,59483.869105407,,,,,57.4,581,6658,C
20210926,6,59483.869790054,,,,,15.6,81,480,C
20210926,7,59483.870193252,1031.7,1313.2,1468.2,670.6,8.1,40,171,D1-W
20210926,8,59483.871835314,1031.7,1048.8,1109.5,121.5,6.6,69,701,NE-L
20210926,9,59483.872841667,1031.7,1188.8,1468.2,565.0,11.4,66,352,D1-M
20210926,10,59483.872855951,,,,,11.3,388,2376,D2-L
20210926,11,59483.873677194,,,,,42.4,280,6155,Dm-L
20210926,12,59483.873699172,1031.7,1052.2,1112.9,121.5,8.7,85,1096,NE-L
20210926,13,59483.874541187,,,,,21.7,54,240,C
20210926,14,59483.874994658,1365.6,1701.9,1468.2,672.6,8.6,204,2277,D1-H
20210926,15,59483.875301721,1031.7,882.1,1080.8,397.5,9.5,27,309,NE-L
20210926,16,59483.875689552,,,,,11.6,53,330,D2-L
20210926,17,59483.876869904,,,,,22.9,35,182,C
20210926,18,59483.877107776,,,,,20.1,34,162,C
20210926,19,59483.877814796,,,,,19.2,93,1305,C
20210926,20,59483.878160871,1031.7,1048.7,1115.0,132.7,7.0,70,829,NE-L
20210926,21,59483.879058972,,,,,13.5,96,1209,D2-L
20210926,22,59483.881041361,,,,,40.1,1084,12912,Dm-M
20210926,23,59483.881361914,,,,,8.7,313,1926,D2-H
20210926,24,59483.881435345,1031.7,,1114.2,82.5,15.9,272,4413,D1-L
20210926,25,59483.881832586,,,,,24.7,34,153,Dm-W
20210926,26,59483.882614823,,,,,46.7,639,5483,C
20210926,27,59483.882985408,,,,,15.9,136,1266,C
20210926,28,59483.883225496,1031.7,1041.2,1166.0,249.7,11.9,22,178,NE-L
20210926,29,59483.883877817,1031.7,1039.9,1106.9,133.9,11.2,27,365,NE-L
20210926,30,59483.886391403,,,,,15.6,225,2249,D2-L
20210926,31,59483.886595487,,,,,21.6,195,1446,D2-W
20210926,32,59483.887603816,,,,,13.8,90,548,Dm-M
20210926,33,59483.888466839,1031.7,1038.2,1096.8,117.2,8.9,24,290,NE-L
20210926,34,59483.890211364,1031.7,1028.3,1102.3,148.1,12.1,106,1738,NE-L
20210926,35,59483.890423486,1031.7,975.2,1109.1,267.8,12.1,21,233,NE-L
20210926,36,59483.893986046,1031.7,934.3,1153.1,437.6,8.1,13,90,NE-L
20210926,37,59483.894459160,,,,,23.1,42,77,C
20210926,38,59483.894979904,,,,,21.2,124,964,D2-W
20210926,39,59483.895567996,,,,,49.9,114,777,C
20210926,40,59483.897400590,,,,,17.6,18,66,D2-W
20210926,41,59483.898418308,,,,,12.4,279,2027,Dm-H
20210926,42,59483.898460161,1031.7,1038.0,1087.9,99.9,8.3,38,482,NE-L
20210926,43,59483.898641950,1031.7,844.5,1119.7,550.5,9.9,42,436,NE-L
20210926,44,59483.898802248,1031.7,1055.5,1195.9,280.8,7.5,17,107,NE-L
20210926,45,59483.898869869,,,,,22.6,33,494,D2-L
20210926,46,59483.899025833,,,,,42.6,50,624,C
20210926,47,59483.899393873,1031.7,,1123.0,91.3,12.1,21,193,D1-W
20210926,48,59483.899524594,1031.7,1111.1,1468.2,1063.0,14.7,18,70,ND
20210926,49,59483.900433903,1031.7,1039.6,1201.7,324.2,7.9,16,98,D2-H
20210926,50,59483.900996836,,,,,8.7,61,287,
20210926,51,59483.901564891,1031.7,1087.7,1410.4,645.3,11.0,26,64,ND
20210926,52,59483.902297238,1031.7,1035.3,1100.9,131.3,13.6,26,250,NE-L
20210926,53,59483.904181097,,,,,22.6,984,12863,D2-L
20210926,54,59483.904327376,1031.7,944.5,1048.1,207.1,14.0,16,298,NE-L
20210926,55,59483.904784682,1031.7,1036.5,1092.7,112.5,21.9,26,357,NE-L
20210926,56,59483.905108431,,,,,17.3,342,3300,D2-L
20210926,57,59483.905206210,,,,,13.5,158,1215,D2-L
20210927,1,59484.815741508,,,,,24.0,24,123,C
20210927,2,59484.815869322,1031.7,1043.8,1064.7,41.7,6.9,17,172,NE-L
20210927,3,59484.816215981,1031.7,1092.4,1211.2,237.6,12.5,13,89,NE-L
20210927,4,59484.816309852,,,,,17.6,111,785,NE-L
20210927,5,59484.816394739,,,,,14.9,115,682,Dm-L
20210927,6,59484.816756600,,,,,39.2,341,3532,C
20210927,7,59484.816880206,1031.7,1059.3,1191.9,265.2,7.9,19,106,NE-L
20210927,8,59484.817161437,,,,,18.0,64,520,D2-L
20210927,9,59484.817232749,,,,,20.5,186,1286,C
20210927,10,59484.817738015,,,,,15.6,165,1778,D2-L
20210927,11,59484.817789435,,,,,62.1,753,9592,C
20210927,12,59484.818234232,,,,,83.7,406,5176,C
20210927,13,59484.818453861,1031.7,975.3,1155.4,360.2,16.5,28,121,NE-L
20210927,14,59484.818472324,1031.7,1052.3,1159.1,213.6,8.4,27,199,NE-L
20210927,15,59484.818655119,,,,,8.1,178,849,D2-W
20210927,16,59484.819236308,1031.7,1192.0,1468.2,578.3,10.4,41,180,ND
20210927,17,59484.820133206,,,,,33.4,345,3192,C
20210927,18,59484.820670641,,,,,19.4,53,367,D2-M
20210927,19,59484.820680670,1031.7,1001.1,1193.6,384.8,12.4,27,164,NE-L
20210927,20,59484.820770747,1031.7,975.5,1169.4,387.8,9.3,12,72,NE-L
20210927,21,59484.820931564,1034.5,1043.1,1051.6,17.1,17.2,21,265,NE-L
20210927,22,59484.821943691,1156.6,1339.3,1468.2,365.5,6.6,14,53,ND
20210927,23,59484.821986047,,,,,46.2,77,737,Dm-W
20210927,24,59484.822034140,,,,,12.9,178,1355,Dm-L
20210927,25,59484.822458408,1231.7,1510.6,1468.2,557.9,7.1,92,497,N1-H
20210927,26,59484.822473344,1031.7,,1138.6,106.9,6.2,25,170,NE-L
20210927,27,59484.822537876,,,,,15.3,48,545,NE-L
20210927,28,59484.822801051,1031.7,1047.6,1105.5,115.8,6.2,17,108,NE-L
20210927,29,59484.822869290,,,,,18.7,286,2086,C
20210927,30,59484.823328884,1031.7,1086.3,1238.7,304.8,12.7,86,791,D1-L
20210927,31,59484.823403209,,,,,42.4,346,3121,C
20210927,32,59484.823459069,,,,,14.6,246,1801,D2-L
20210927,33,59484.823493934,,,,,48.1,1071,11794,C
20210927,34,59484.823627247,,,,,16.3,105,1259,C
20210927,35,59484.824306757,,,,,60.4,311,3749,C
20210927,36,59484.824332306,1124.4,1323.3,1468.2,397.9,4.9,66,277,ND
20210927,37,59484.824459034,1031.7,1042.8,1143.4,201.2,9.0,39,339,NE-L
20210927,38,59484.824544407,1031.7,1060.1,1143.7,167.2,19.2,15,172,NE-L
20210927,39,59484.824574406,,,,,21.8,34,335,C
20210927,40,59484.824744026,1031.7,1058.9,1156.0,194.1,13.3,19,116,NE-L
20210927,41,59484.825339166,,,,,73.0,429,5323,C
20210927,42,59484.825637007,1313.4,1468.2,1468.2,309.5,4.7,30,155,N2-H
20210927,43,59484.825799077,,,,,30.9,172,2356,C
20210927,44,59484.825986446,,,,,33.3,36,314,C
20210927,45,59484.826334870,1031.7,1181.7,1434.5,505.5,11.6,26,122,D1-M
20210927,46,59484.827563516,1031.7,1085.4,1232.8,294.9,7.1,40,262,ND
20210927,47,59484.827643632,,,,,29.2,124,1070,C
20210927,48,59484.827753343,,,,,16.2,136,902,C
20210927,49,59484.828057886,,,,,58.0,453,5836,C
20210927,50,59484.828391392,,,,,28.8,38,312,C
20210927,51,59484.828754488,1031.7,1048.1,1240.8,385.4,6.3,22,114,ND
20210927,52,59484.829512923,,,,,11.7,63,596,D2-L
20210927,53,59484.829586865,1031.7,1044.7,1068.1,46.7,10.7,92,1700,NE-L
20210927,54,59484.830313543,1031.7,1151.3,1303.3,303.9,10.3,111,815,D1-M
20210927,55,59484.831110354,,,,,50.3,55,688,C
20210927,56,59484.831273419,,,,,37.8,258,2233,C
20210927,57,59484.831341107,1031.7,1029.8,1081.8,104.0,17.4,58,968,NE-L
20210927,58,59484.831420182,,,,,22.2,60,549,C
20210927,59,59484.831516091,,,,,19.5,92,590,Dm-H
20210927,60,59484.832031889,1031.7,857.7,1147.0,578.5,6.3,24,135,NE-L
20210927,61,59484.832582513,,,,,38.9,508,5283,C
20210927,62,59484.832700656,,,,,17.8,221,1529,Dm-W
20210927,63,59484.832719525,,,,,9.0,156,1149,NE-L
20210927,64,59484.832765709,1031.7,1038.6,1162.5,247.7,8.6,18,91,NE-L
20210927,65,59484.833171157,,,,,15.1,28,118,D2-W
20210927,66,59484.833414707,1031.7,,1080.0,48.3,11.6,28,311,NE-L
20210927,67,59484.833545372,,,,,27.6,40,295,C
20210927,68,59484.833732946,,,,,16.7,29,242,D2-L
20210927,69,59484.833754996,1031.7,1162.4,1333.5,342.3,7.9,21,117,D1-M
20210927,70,59484.833758963,,,,,26.8,605,3838,C
20210927,71,59484.833909587,,,,,35.7,227,1881,C
20210927,72,59484.833991419,1031.7,1141.7,1468.2,680.7,9.5,13,39,ND
20210927,73,59484.834833774,,,,,10.2,66,332,C
20210927,74,59484.835442318,,,,,16.6,171,1713,D2-L
20210927,75,59484.835572558,,,,,23.3,276,2291,Dm-W
20210927,76,59484.835923716,,,,,30.3,360,3691,C
20210927,77,59484.836037719,,,,,14.1,525,3112,Dm-H
20210927,78,59484.836294424,,,,,64.7,88,2076,C
20210927,79,59484.836619389,,,,,23.2,113,846,C
20210927,80,59484.836880548,1031.7,1124.9,1332.6,415.4,11.0,300,2207,D1-L
20210927,81,59484.836963799,,,,,9.2,55,348,D2-L
20210927,82,59484.837013621,,,,,14.5,69,426,D2-H
20210927,83,59484.837020255,,,,,13.7,46,351,D2-L
20210927,84,59484.837203668,,,,,32.9,26,243,C
20210927,85,59484.837209241,,,,,21.3,596,7393,C
20210927,86,59484.837499491,,,,,25.3,142,1597,C
20210927,87,59484.837585482,1031.7,1127.5,1404.8,554.5,12.8,64,361,D1-L
20210927,88,59484.837651405,1031.7,,1154.2,122.6,7.3,24,180,NE-L
20210927,89,59484.837734894,1031.7,1044.7,1064.8,40.2,9.6,49,810,NE-L
20210927,90,59484.837741079,,,,,15.4,48,453,D2-L
20210927,91,59484.837967116,,,,,14.8,498,4121,Dm-L
20210927,92,59484.838220834,1031.7,,1154.2,122.6,12.9,30,284,NE-L
20210927,93,59484.839477497,,,,,8.2,184,1120,D2-L
20210927,94,59484.839510100,,,,,37.9,182,1689,C
20210927,95,59484.839831181,1031.7,,1154.2,122.6,6.7,43,312,NE-L
20210927,96,59484.839943580,1031.7,1043.0,1061.9,37.9,14.3,22,362,NE-L
20210927,97,59484.839948874,1031.7,1120.6,1325.6,409.9,7.4,10,46,NE-L
20210927,98,59484.840232086,,,,,13.2,388,2720,D2-W
20210927,99,59484.840582381,1240.7,1527.2,1468.2,573.0,9.7,81,596,D1-H
20210927,100,59484.841029056,1031.7,,1165.0,133.3,7.2,46,393,NE-L
20210927,101,59484.841384059,,,,,7.7,74,341,D2-H
20210927,102,59484.841419492,,,,,18.6,17,90,C
20210927,103,59484.841443120,,,,,11.3,155,1621,D2-L
20210927,104,59484.841528717,1031.7,1258.6,1468.2,585.6,12.9,29,146,D1-M
20210927,105,59484.841678151,,,,,19.9,182,2058,Dm-L
20210927,106,59484.841954248,1031.7,1044.6,1078.6,67.9,11.7,46,667,NE-L
20210927,107,59484.842362866,,,,,41.0,328,4956,C
20210927,108,59484.842377041,1031.7,1210.4,1468.2,602.4,13.0,22,74,D1-M
20210927,109,59484.842407242,1103.5,1362.1,1468.2,517.3,5.4,84,340,ND
20210927,110,59484.842480225,,,,,10.2,78,405,D2-M
20210927,111,59484.842674025,,,,,47.4,263,2147,C
20210927,112,59484.842731653,,,,,22.1,88,736,C
20210927,113,59484.842787662,,,,,124.3,867.7,23052,C
20210927,114,59484.843002135,1031.7,1042.8,1061.8,38.0,7.4,24,364,NE-L
20210927,115,59484.843021464,,,,,20.8,45,475,C
20210927,116,59484.843311518,,,,,9.1,59,313,D2-L
20210927,117,59484.843565382,,,,,24.1,785,5699,Dm-W
20210927,118,59484.843766778,1083.3,1458.9,1468.2,751.0,9.2,21,107,ND
20210927,119,59484.843812686,,,,,19.3,163,1496,C
20210927,120,59484.844035452,1031.7,,1134.7,103.0,10.5,24,187,NE-L
20210927,121,59484.844392822,1031.7,1088.2,1297.8,419.3,15.9,19,109,D1-L
20210927,122,59484.844620952,,,,,29.8,382,3781,C
20210927,123,59484.844804120,1031.7,1094.0,1275.6,363.2,11.2,23,112,D1-L
20210927,124,59484.844866832,,,,,13.5,408,2580,Dm-W
20210927,125,59484.845020849,1033.1,,1468.2,435.1,11.6,198,1223,D1-W
20210927,126,59484.845093483,,,,,10.5,657,6024,D2-L
20210927,127,59484.845148616,,,,,12.7,498,3675,D2-L
20210927,128,59484.845225216,,,,,8.9,56,323,D2-L
20210927,129,59484.845237972,,,,,10.0,769,9725,C
20210927,130,59484.845445281,1200.5,1400.3,1468.2,399.6,5.5,15,55,NE-H
20210927,131,59484.845702743,,,,,13.7,54,371,D2-L
20210927,132,59484.845855709,,,,,81.8,1760,23778,C
20210927,133,59484.846218200,1031.7,1036.8,1220.5,367.3,8.5,51,320,D1-L
20210927,134,59484.846306823,,,,,12.7,120,1089,C
20210927,135,59484.846801367,,,,,13.2,592,4552,D2-L
20210927,136,59484.847013516,1031.7,,1087.8,56.2,13.9,54,816,NE-L
20210927,137,59484.847216526,1031.7,,1173.8,142.1,5.8,27,140,NE-L
20210927,138,59484.847696483,,,,,18.6,164,1309,C
20210927,139,59484.847843928,,,,,10.5,79,782,C
20210927,140,59484.848032750,,,,,12.2,101,1047,D2-L
20210927,141,59484.848645848,1031.7,1336.4,1468.2,726.1,9.3,23,80,D1-M
20210927,142,59484.848697416,,,,,33.9,120,1164,C
20210927,143,59484.848743507,1031.7,,1185.5,153.8,11.4,49,456,D1-L
20210927,144,59484.848922335,,,,,45.6,709,7864,C
20210927,145,59484.849412056,1031.7,1165.4,1346.4,362.1,8.2,19,77,ND
20210927,146,59484.849756705,1031.7,,1099.5,67.9,13.8,40,544,NE-L
20210927,147,59484.850246786,1031.7,,1173.8,142.1,8.0,38,267,NE-L
20210927,148,59484.850254215,1064.0,1281.2,1468.2,434.5,4.6,309,1348,ND
20210927,149,59484.850281137,1031.7,,1196.2,164.6,7.7,46,314,NE-L
20210927,150,59484.850304652,,,,,19.8,305,2108,Dm-W
20210927,151,59484.850373244,,,,,7.4,347,2520,D2-L
20210927,152,59484.850811546,,,,,15.6,734,7476,Dm-L
20210927,153,59484.851114302,,,,,67.2,729,11794,C
20210927,154,59484.851287177,,,,,7.5,343,2171,N2-H
20210927,155,59484.851337870,,,,,74.8,78,746,C
20210927,156,59484.851518071,,,,,14.6,211,1363,D2-M
20210927,157,59484.851976873,1031.7,989.2,1182.4,386.5,12.0,669,8001,D1-L
20210927,158,59484.852651695,,,,,11.4,219,1994,NE-L
20210927,159,59484.852814646,1031.7,,1083.9,52.2,11.5,18,109,NE-L
20210927,160,59484.853022126,1031.7,,1174.7,143.1,12.0,75,709,D1-L
20210927,161,59484.853213258,,,,,45.5,316,3355,C
20210927,162,59484.853681431,,,,,17.3,350,3035,D2-L
20210927,163,59484.853772778,1031.7,,1129.8,98.1,7.3,21,214,NE-L
20210927,164,59484.853786403,,,,,11.7,512,3147,D2-W
20210927,165,59484.855367766,,,,,17.6,985,7336,Dm-M
20210927,166,59484.855376768,1031.7,895.8,1180.3,568.9,12.3,24,169,NE-L
20210927,167,59484.855394422,1031.7,973.8,1129.9,312.2,11.9,12,99,NE-L
20210927,168,59484.855811530,1031.7,1133.3,1444.4,622.2,14.8,30,115,D1-M
20210927,169,59484.855850904,,,,,12.0,367,2987,D2-L
20210928,1,59485.784451366,1031.7,,1103.5,71.8,12.1,22,181,NE-L
20210928,2,59485.784856798,1031.7,1074.9,1220.9,292.0,13.8,15,75,D1-L
20210928,3,59485.785071425,,,,,57.4,221,3316,C
20210928,4,59485.785158499,1031.7,1191.4,1398.8,414.8,6.8,25,103,ND
20210928,5,59485.785206793,,,,,39.3,167,1489,C
20210928,6,59485.785219957,1031.7,1032.3,1131.2,197.9,14.5,46,540,D1-L
20210928,7,59485.785303846,1170.7,1357.8,1468.2,374.2,5.2,35,189,N1-H
20210928,8,59485.785323606,1031.7,1291.8,1468.2,536.4,9.5,21,83,ND
20210928,9,59485.785534672,,,,,21.6,159,1118,C
20210928,10,59485.785749460,1420.7,1458.9,1468.2,76.5,10.0,14,121,NE-H
20210928,11,59485.785850024,,,,,23.0,110,1699,D2-L
20210928,12,59485.785923479,,,,,21.2,496,4314,C
20210928,13,59485.786040341,,,,,13.3,172,1120,D2-W
20210928,14,59485.786095397,1031.7,1034.0,1180.5,292.9,13.1,31,275,D1-L
20210928,15,59485.786180489,1147.3,1364.3,1468.2,434.0,8.2,17,72,NE-H
20210928,16,59485.786286705,1031.7,1036.3,1294.0,515.5,11.2,21,94,NE-L
20210928,17,59485.786297006,,,,,25.4,106,822,C
20210928,18,59485.786440599,,,,,15.9,224,1688,D2-H
20210928,19,59485.786699976,,,,,77.8,213,2448,C
20210928,20,59485.786721956,,,,,10.1,21,43,C
20210928,21,59485.787115566,,,,,20.6,81,490,D2-W
20210928,22,59485.787436990,,,,,50.7,30,181,C
20210928,23,59485.787445851,,,,,60.0,175,1894,C
20210928,24,59485.787527248,1031.7,1226.9,1468.2,515.8,15.7,39,216,D1-M
20210928,25,59485.787906277,1031.7,991.8,1104.0,224.4,10.2,16,131,NE-L
20210928,26,59485.788142242,,,,,42.5,56,641,C
20210928,27,59485.788167960,1031.7,1096.5,1198.8,204.7,13.1,17,97,NE-L
20210928,28,59485.788271794,1031.7,921.9,1155.2,466.7,13.2,21,181,D1-L
20210928,29,59485.788352778,,,,,33.0,131,1074,C
20210928,30,59485.788409429,,,,,50.8,152,1475,C
20210928,31,59485.788638873,,,,,8.4,281,1741,D2-H
20210928,32,59485.788699744,1031.7,1029.8,1140.1,220.6,7.6,35,266,NE-L
20210928,33,59485.788708545,,,,,21.9,32,357,NE-L
20210928,34,59485.788735640,,,,,34.3,150,1360,C
20210928,35,59485.788802477,1031.7,,1114.2,82.5,8.3,82,862,D1-L
20210928,36,59485.788990463,,,,,13.2,25,168,C
20210928,37,59485.789201413,,,,,14.7,34,227,C
20210928,38,59485.789203070,1031.7,964.7,1123.5,317.6,14.6,16,138,NE-L
20210928,39,59485.789234829,1031.7,1280.2,1468.2,734.9,10.7,80,404,D1-W
20210928,40,59485.789310072,,,,,13.5,207,1553,D2-H
20210928,41,59485.789404967,,,,,28.6,126,1382,C
20210928,42,59485.789561454,1031.7,1184.9,1468.2,711.1,14.2,31,146,D1-M
20210928,43,59485.789696182,1033.7,1142.4,1251.2,217.5,5.8,8,39,D1-M
20210928,44,59485.789721701,1031.7,1046.6,1142.0,190.8,8.0,36,344,D1-L
20210928,45,59485.789820629,1115.7,1432.3,1468.2,633.3,8.7,28,144,D1-H
20210928,46,59485.789880717,1214.2,1367.0,1468.2,305.5,4.3,207,1102,D1-H
20210928,47,59485.790056864,,,,,45.3,269,3031,C
20210928,48,59485.790191086,1031.7,1104.1,1270.7,333.2,10.0,63,420,D1-L
20210928,49,59485.790287948,,,,,43.2,205,1997,C
20210928,50,59485.790366308,,,,,26.2,89,688,C
20210928,51,59485.790645128,,,,,14.8,223,1669,D2-L
20210928,52,59485.790677207,,,,,7.3,29,78,D2-M
20210928,53,59485.790761217,1031.7,1050.6,1168.9,236.6,8.5,24,160,D1-L
20210928,54,59485.790768902,,,,,9.1,365,2323,D2-M
20210928,55,59485.790940384,,,,,38.6,101,861,C
20210928,56,59485.790963620,1031.7,1074.8,1327.2,504.8,11.2,48,291,D1-L
20210928,57,59485.790970513,,,,,30.6,198,1770,C
20210928,58,59485.791152054,,,,,73.4,222,2938,C
20210928,59,59485.791176653,1031.7,1094.7,1258.7,328.1,8.0,93,642,D1-L
20210928,60,59485.791460159,1195.5,1419.4,1468.2,447.8,8.4,40,213,D1-H
20210928,61,59485.791539716,1031.7,,1467.7,436.0,20.9,65,407,D1-W
20210928,62,59485.792043986,1031.7,1168.8,1383.0,428.4,6.9,24,77,ND
20210928,63,59485.792055748,1031.7,1105.0,1219.6,229.3,11.7,40,326,D1-L
20210928,64,59485.792207825,,,,,25.4,58,479,C
20210928,65,59485.792240698,,,,,31.8,169,1475,C
20210928,66,59485.792289366,,,,,27.6,127,1033,C
20210928,67,59485.792494256,1031.7,1045.2,1126.8,163.3,11.0,39,336,NE-L
20210928,68,59485.792505746,,,,,38.0,296,2999,C
20210928,69,59485.792569050,,,,,44.2,152,1600,C
20210928,70,59485.792910893,,,,,27.0,31,79,C
20210928,71,59485.793167568,,,,,14.2,108,516,C
20210928,72,59485.793304511,,,,,16.8,225,1487,C
20210928,73,59485.793354386,,,,,17.8,34,285,D2-L
20210928,74,59485.793895728,,,,,27.5,26,203,C
20210928,75,59485.793982314,1031.7,1157.2,1319.9,325.3,8.8,20,94,ND
20210928,76,59485.793998624,1031.7,902.3,1157.7,511.0,20.6,26,289,D1-L
20210928,77,59485.794030682,,,,,32.1,128,1081,C
20210928,78,59485.794074827,,,,,16.8,242,1713,D2-W
20210928,79,59485.794088766,1031.7,1251.4,1468.2,657.8,7.9,89,452,D1-W
20210928,80,59485.794112714,,,,,23.4,94,1178,C
20210928,81,59485.794259688,1251.9,,1468.2,216.3,7.2,8,58,NE-H
20210928,82,59485.794291944,1031.7,1381.2,1468.2,769.7,3.7,46,149,ND
20210928,83,59485.794776497,1031.7,1022.8,1082.4,119.3,14.5,21,314,NE-L
20210928,84,59485.794871269,1031.7,1054.7,1139.5,169.7,11.1,17,114,NE-L
20210928,85,59485.795299604,,,,,15.7,182,1234,UD-L
20210928,86,59485.795386163,1031.7,1106.1,1279.3,346.3,18.1,22,152,D1-L
20210928,87,59485.795432856,1294.9,,1468.2,173.3,8.5,78,609,D1-H
20210928,88,59485.795558512,,,,,63.2,116,1340,C
20210928,89,59485.795737705,1031.7,1070.8,1174.8,208.0,16.2,274,3641,D1-L
20210928,90,59485.795762180,1031.7,1084.6,1269.3,369.2,6.4,14,67,ND
20210928,91,59485.796085370,,,,,31.4,564,8920,C
20210928,92,59485.796147651,,,,,65.2,543,7994,C
20210928,93,59485.796184403,,,,,13.8,188,1294,D2-M
20210928,94,59485.796210765,1031.7,1055.4,1140.1,169.4,7.6,20,126,NE-L
20210928,95,59485.796263249,,,,,38.8,73,940,C
20210928,96,59485.796406365,1031.7,1213.7,1468.2,587.6,9.4,25,52,D1-M
20210928,97,59485.796433331,,,,,14.3,547,4022,D2-M
20210928,98,59485.796474229,1137.4,1359.0,1468.2,443.4,7.1,24,135,ND
20210928,99,59485.796475548,1031.7,,1166.0,134.3,7.8,10,55,NE-L
20210928,100,59485.796575606,,,,,25.0,75,464,Dm-M
20210928,101,59485.796622625,1031.7,1087.5,1199.6,224.3,9.0,44,306,D1-L
20210928,102,59485.796637873,,,,,20.7,43,244,Dm-W
20210928,103,59485.796659346,1031.7,1188.8,1468.2,694.3,6.4,44,181,ND
20210928,104,59485.796811597,,,,,35.7,75,868,NE-L
20210928,105,59485.796914709,1031.7,1037.1,1188.8,303.4,11.2,14,109,NE-L
20210928,106,59485.796971217,,,,,47.3,344,3728,C
20210928,107,59485.797046031,,,,,31.1,152,1249,Dm-W
20210928,108,59485.797492381,1154.2,1343.5,1468.2,378.7,7.8,114,745,C
20210928,108,59485.797492556,1450.5,1457.9,1465.4,14.8,6.2,10,257,C
20210928,109,59485.797545482,1031.7,1171.9,1468.2,715.1,15.9,17,75,D1-M
20210928,110,59485.797780146,,,,,18.0,37,257,D2-M
20210928,111,59485.797943386,,,,,93.3,409,5181,C
20210928,112,59485.797999518,,,,,21.7,62,395,C
20210928,113,59485.798154350,1031.7,1011.9,1250.7,477.8,11.0,15,78,NE-L
20210928,114,59485.798286654,,,,,18.2,134,958,Dm-M
20210928,115,59485.798549772,,,,,18.3,38,347,D2-L
20210928,116,59485.798591241,1031.7,1193.2,1468.2,598.9,10.1,21,83,D1-W
20210928,117,59485.798731744,1031.7,1118.1,1335.2,434.2,12.3,14,57,NE-L
20210928,118,59485.798754909,,,,,10.8,201,1411,D2-H
20210928,119,59485.798869124,1031.7,,1123.0,91.3,26.0,22,198,NE-L
20210928,120,59485.799083432,1031.7,1200.6,1468.2,829.2,15.0,17,79,ND
20210928,121,59485.799125143,1031.7,1036.5,1197.6,322.3,11.4,14,86,NE-L
20210928,122,59485.799131005,,,,,24.2,55,452,C
20210928,123,59485.799215230,,,,,21.3,50,298,D2-W
20210928,124,59485.799492284,1031.7,1043.6,1137.2,187.2,16.5,238,3571,D1-L
20210928,125,59485.799862726,1031.7,1342.4,1468.2,784.9,10.4,321,1833,D1-W
20210928,126,59485.799895102,1031.7,1094.0,1209.9,231.8,9.1,28,112,D1-L
20210928,127,59485.800156126,,,,,31.3,82,608,C
20210928,128,59485.800232703,1031.7,583.2,1224.6,1282.8,16.5,21,80,D1-L
20210928,129,59485.800272233,1457.9,1897.3,1468.2,878.8,3.4,15,476,NE-H
20210928,130,59485.800346539,1031.7,1100.9,1195.8,189.7,8.5,11,77,ND
20210928,131,59485.800466618,1275.3,,1468.2,192.9,7.8,111,800,D1-H
20210928,132,59485.800660055,1031.7,1078.5,1169.4,181.6,7.6,25,143,NE-L
20210928,133,59485.800751644,1240.2,,1468.2,228.0,6.9,26,128,D1-H
20210928,134,59485.800858082,1031.7,1176.9,1363.6,373.4,10.0,33,149,D1-M
20210928,135,59485.801039693,,,,,22.8,50,324,C
20210928,136,59485.801068555,,,,,46.0,239,2543,C
20210928,137,59485.801131018,,,,,20.1,320,3889,D2-L
20210928,138,59485.801247622,,,,,21.3,47,322,C
20210928,139,59485.801319151,,,,,45.8,132,1285,C
20210928,140,59485.801453000,1031.7,989.2,1468.2,1132.3,10.5,27,110,D1-W
20210928,141,59485.801471994,,,,,20.9,36,212,UD-H
20210928,142,59485.801599196,1065.5,1294.5,1468.2,458.0,10.3,22,85,D1-M
20210928,143,59485.801785630,1031.7,1151.2,1322.9,343.5,15.7,112,951,D1-M
20210928,144,59485.801791781,,,,,36.5,133,1259,C
20210928,145,59485.801841951,,,,,66.5,833,14368,C
20210928,146,59485.802002419,,,,,28.3,399,2864,C
20210928,147,59485.802027034,1071.9,1238.6,1405.2,333.3,10.8,50,292,D1-M
20210928,148,59485.802032089,,,,,33.8,92,994,C
20210928,149,59485.802055121,,,,,10.7,23,83,D2-H
20210928,150,59485.802428655,,,,,8.4,344,2402,Dm-W
20210928,151,59485.802451492,,,,,47.2,73,572,C
20210928,152,59485.802526653,,,,,14.8,199,2004,D2-L
20210928,153,59485.802679258,1345.6,,1468.2,122.6,5.1,242,2211,D1-H
20210928,154,59485.802684218,1141.1,1413.9,1468.2,545.6,9.4,419,2715,D1-H
20210928,155,59485.802742740,1031.7,1100.6,1234.8,268.4,8.7,69,514,D1-L
20210928,156,59485.802791146,,,,,47.5,54,381,C
20210928,157,59485.802878553,,,,,51.0,116,1015,C
20210928,158,59485.802911643,,,,,19.4,19,212,C
20210928,159,59485.803134283,,,,,37.3,227,2144,C
20210928,160,59485.803158687,,,,,71.3,445,5988,C
20210928,161,59485.803286237,1116.0,1439.5,1468.2,647.0,7.5,38,168,N1-H
20210928,162,59485.803305813,1031.7,1204.3,1468.2,881.7,12.5,52,256,D1-W
20210928,163,59485.803437239,,,,,49.8,422,4436,C
20210928,164,59485.803449599,1031.7,1166.6,1364.9,396.5,5.7,26,95,ND
20210928,165,59485.803535992,,,,,42.6,66,546,C
20210928,166,59485.803572338,1031.7,1083.0,1221.9,277.9,9.6,28,267,D1-L
20210928,167,59485.803670672,1031.7,1019.4,1153.1,267.4,7.6,56,562,D1-L
20210928,168,59485.804037968,,,,,32.7,97,896,C
20210928,169,59485.804278156,1031.7,990.7,1116.2,250.9,7.8,16,121,NE-L
20210928,170,59485.804468298,,,,,20.1,142,1090,Dm-L
20210928,171,59485.804656109,1031.7,876.3,1061.2,369.7,7.9,23,362,D1-L
20210928,172,59485.804674938,,,,,19.8,30,179,C
20210928,173,59485.804770646,1333.9,,1468.2,134.3,5.8,23,166,NE-H
20210928,174,59485.804846637,1031.7,1234.7,1459.3,449.3,6.8,85,497,D1-M
20210928,175,59485.804855716,,,,,9.1,330,1850,D2-W
20210928,176,59485.804910990,,,,,29.0,45,383,C
20210928,177,59485.804915997,,,,,22.8,96,750,C
20210928,178,59485.805052798,,,,,61.8,174,1940,C
20210928,179,59485.805159833,1031.7,1165.0,1303.5,277.0,13.3,166,1457,D1-M
20210928,180,59485.805174373,1031.7,1092.6,1203.3,221.4,7.6,23,163,D1-L
20210928,181,59485.805257276,,,,,34.3,83,698,C
20210928,182,59485.805397381,,,,,20.4,57,418,Dm-H
20210928,183,59485.805516768,,,,,18.3,458,3203,Dm-W
20210928,184,59485.805618364,,,,,56.7,158,2015,C
20210928,185,59485.805710879,1031.7,1111.2,1240.5,258.6,7.6,14,50,D1-M
20210928,186,59485.805788930,,,,,14.5,124,745,Dm-M
20210928,187,59485.805931183,1031.7,1129.1,1303.0,347.7,7.8,150,1051,D1-L
20210928,188,59485.806054128,,,,,36.1,68,505,C
20210928,189,59485.806269991,1036.3,1260.1,1468.2,447.7,9.9,70,432,D1-W
20210928,190,59485.806427893,,,,,33.5,171,2246,C
20210928,191,59485.806703747,,,,,23.0,47,399,C
20210928,192,59485.806801042,,,,,13.2,160,1369,D2-L
20210928,193,59485.806814334,1031.7,1101.5,1176.9,150.8,6.6,13,91,ND
20210928,194,59485.807031347,,,,,54.2,312,3973,C
20210928,195,59485.807495922,1031.7,1024.1,1212.3,376.5,9.0,27,174,NE-L
20210928,196,59485.807559609,1031.7,,1166.0,134.3,7.5,25,106,NE-L
20210928,197,59485.807606140,1031.7,1174.1,1332.7,317.1,10.9,58,347,D1-M
20210928,198,59485.807654649,,,,,16.9,100,685,Dm-W
20210928,199,59485.807660207,1345.6,,1468.2,122.6,9.3,18,120,NE-H
20210928,200,59485.807673849,,,,,13.7,51,297,Dm-H
20210928,201,59485.807709034,,,,,22.9,132,1059,C
20210928,202,59485.807719594,,,,,23.0,36,218,C
20210928,203,59485.807745016,,,,,11.3,98,587,D2-H
20210928,204,59485.807875679,1031.7,774.8,1145.5,741.4,8.0,38,302,D1-L
20210928,205,59485.807883604,1031.7,1023.5,1192.8,338.6,11.4,30,230,D1-L
20210928,206,59485.807936102,1031.7,1060.0,1140.3,160.6,12.3,26,106,NE-L
20210928,207,59485.808147686,,,,,11.9,173,1555,D2-L
20210928,208,59485.808168531,,,,,20.7,23,155,C
20210928,209,59485.808176584,1211.7,1542.3,1468.2,661.1,8.2,24,133,D1-H
20210928,210,59485.808277559,,,,,15.7,209,1892,C
20210928,211,59485.808367333,,,,,17.2,164,1156,C
20210928,212,59485.808415241,1031.7,1091.3,1228.7,274.7,6.2,38,230,D1-L
20210928,213,59485.808468714,,,,,13.2,230,1908,D2-L
20210928,214,59485.808563309,1031.7,1068.9,1194.6,251.5,15.2,57,530,D1-L
20210928,215,59485.808680479,,,,,17.4,50,502,C
20210928,216,59485.808745654,1031.7,1128.0,1261.8,267.6,10.3,22,145,ND
20210928,217,59485.808765549,,,,,9.3,94,472,C
20210928,218,59485.808828406,1031.7,1192.5,1391.4,397.9,11.1,126,780,D1-M
20210928,219,59485.808865245,,,,,14.1,479,4177,D2-W
20210928,220,59485.808870047,1101.7,1269.4,1437.0,335.3,6.8,221,1272,D1-M
20210928,221,59485.808995531,,,,,55.9,387,4715,C
20210928,222,59485.809109904,1031.7,,1240.2,208.5,13.5,24,95,D1-L
20210928,223,59485.809122403,,,,,26.5,169,1422,C
20210928,224,59485.809129886,,,,,53.8,358,4231,C
20210928,225,59485.809212260,1031.7,1130.0,1260.2,260.4,4.6,8,29,NE-L
20210928,226,59485.809298365,1031.7,1081.6,1230.3,297.5,10.7,21,146,D1-L
20210928,227,59485.809370655,1031.7,1067.2,1269.1,403.7,8.4,21,130,D1-L
20210928,228,59485.809461090,,,,,68.9,200,2496,C
20210928,229,59485.809489735,,,,,96.1,71,573,C
20210928,230,59485.809670193,,,,,34.1,32,210,D2-W
20210928,231,59485.809752617,1031.7,1085.4,1209.8,248.6,10.4,40,316,D1-L
20210928,232,59485.809835316,,,,,28.0,746,6576,Dm-W
20210928,233,59485.809900175,,,,,34.8,235,2124,C
20210928,234,59485.809936423,,,,,29.1,43,356,C
20210928,235,59485.810004413,,,,,45.6,242,3100,C
20210928,236,59485.810072863,1031.7,1160.2,1332.8,345.4,18.4,324,3149,D1-M
20210928,237,59485.810274894,,,,,16.4,202,1944,D2-W
20210928,238,59485.810400032,1143.2,1426.5,1468.2,566.7,9.0,31,199,D1-H
20210928,239,59485.810477317,,,,,13.8,100,624,C
20210928,240,59485.810521003,,,,,13.2,128,1536,D2-L
20210928,241,59485.810769650,,,,,12.3,198,1521,C
20210928,242,59485.811057651,1031.7,1079.2,1214.6,270.7,8.9,121,953,D1-L
20210928,243,59485.811097722,,,,,68.8,409,4468,C
20210928,244,59485.811122798,,,,,13.8,72,401,C
20210928,245,59485.811259228,,,,,11.6,199,1980,D2-H
20210928,246,59485.811366972,1031.7,1069.4,1227.6,316.5,10.4,21,120,NE-L
20210928,247,59485.811405646,1031.7,,1259.7,228.0,14.0,23,105,NE-L
20210928,248,59485.811780910,,,,,17.5,782,6277,C
20210928,249,59485.811867994,1033.1,,1468.2,435.1,11.7,22,84,D1-W
20210928,250,59485.811890034,,,,,34.2,342,3342,C
20210928,251,59485.811909215,1031.7,958.8,1182.4,447.2,10.9,14,100,D1-L
20210928,252,59485.811972219,1031.7,1084.1,1232.4,296.7,12.5,252,2537,NE-L
20210928,253,59485.812219873,,,,,14.0,111,695,D2-W
20210928,254,59485.812658647,1310.5,,1468.2,157.7,5.7,23,125,NE-H
20210928,255,59485.812759333,1031.7,,1259.7,228.0,6.0,9,42,NE-L
20210928,256,59485.812771381,1031.7,999.7,1292.6,585.7,16.9,14,81,D1-L
20210928,257,59485.812885346,1031.7,1309.3,1468.2,1023.8,12.5,17,50,D1-W
20210928,258,59485.812893262,1031.7,1104.0,1229.8,251.7,8.0,26,158,D1-L
20210928,259,59485.813135687,,,,,40.4,148,1375,C
20210928,260,59485.813188198,1034.9,1276.2,1468.2,482.6,7.2,28,144,ND
20210928,261,59485.813226020,,,,,16.8,136,942,D2-W
20210928,262,59485.813359297,1031.7,1135.1,1250.8,231.3,9.7,231,2042,D1-M
20210928,263,59485.813400508,1031.7,,1115.2,83.5,8.1,29,228,NE-L
20210928,264,59485.813455037,1031.7,,1111.3,79.6,19.3,28,166,NE-L
20210928,265,59485.813566003,1031.7,1121.3,1337.6,432.7,4.8,16,63,ND
20210928,266,59485.813638731,1031.7,951.1,1171.5,440.8,10.7,40,348,D1-L
20210928,267,59485.813658529,,,,,23.5,392,3278,Dm-W
20210928,268,59485.813678938,1031.7,1100.5,1244.7,288.3,10.5,22,91,D1-L
20210928,269,59485.813753232,,,,,41.8,143,1517,C
20210928,270,59485.813901885,1031.7,1126.9,1305.0,356.0,8.8,17,95,ND
20210928,271,59485.813993930,1031.7,1110.9,1395.0,568.2,15.0,18,96,D1-L
20210928,272,59485.814021099,1307.2,1596.2,1468.2,578.1,3.3,32,134,ND
20210928,273,59485.814026438,,,,,17.4,139,1093,D2-M
20210928,274,59485.814139859,1031.7,,1138.6,106.9,7.1,47,387,NE-L
20210928,275,59485.814193864,1031.7,1217.6,1426.1,417.1,7.3,64,343,D1-M
20210928,276,59485.814261113,1031.7,1135.2,1315.6,360.7,10.6,70,435,D1-M
20210928,277,59485.814319485,,,,,22.0,52,275,D2-W
20210928,278,59485.814423920,1031.7,,1107.4,75.7,9.0,36,379,NE-L
20210928,279,59485.814495883,,,,,40.2,606,6563,C
20210928,280,59485.814529952,,,,,80.0,378,5608,C
20210928,281,59485.814625395,,,,,13.9,346,2206,C
20210928,282,59485.814634101,,,,,10.7,200,1730,D2-H
20210928,283,59485.814787356,,,,,36.1,141,964,C
20210928,284,59485.814890685,1031.7,1193.7,1468.2,744.6,9.6,25,97,D1-W
20210928,285,59485.814963437,,,,,40.4,134,1216,C
20210928,286,59485.815125965,1031.7,536.9,1398.6,1723.4,13.2,200,1269,D1-W
20210928,287,59485.815362706,,,,,25.1,123,2033,C
20210928,288,59485.815383307,,,,,33.0,379,5337,C
20210928,289,59485.815756587,1031.7,1302.6,1468.2,876.2,14.6,37,195,D1-W
20210928,290,59485.815812139,1031.7,1020.4,1162.2,283.6,4.7,18,96,NE-L
20210928,291,59485.815937723,1031.7,1256.5,1468.2,566.4,9.1,435,2411,D1-W
20210928,292,59485.816100927,1031.7,,1142.5,110.8,10.4,22,151,NE-L
20210928,293,59485.816228503,1031.7,1129.6,1274.8,290.4,10.7,23,109,ND
20210928,294,59485.816309695,,,,,19.4,176,1617,Dm-L
20210928,295,59485.816316190,1031.7,1401.8,1468.2,746.9,8.8,177,947,D1-W
20210928,296,59485.816469076,,,,,26.1,686,5926,Dm-W
20210928,297,59485.816504833,,,,,14.0,183,1263,D2-L
20210928,298,59485.816712373,1159.5,1351.3,1468.2,383.7,8.4,73,403,D1-H
20210928,299,59485.816741380,,,,,19.9,22,91,C
20210928,300,59485.817083921,1031.7,,1158.1,126.5,7.4,15,109,NE-L
20210928,301,59485.817197230,1031.7,1186.4,1429.2,485.5,6.9,17,65,ND
20210928,302,59485.817402326,1031.7,1170.6,1322.1,302.9,11.8,167,1226,D1-M
20210928,303,59485.817501140,1031.7,,1162.0,130.4,8.1,60,516,D1-L
20210928,304,59485.817538160,1255.8,,1468.2,212.4,6.9,344,2608,D1-H
20210928,305,59485.817847597,,,,,6.2,12,88,C
20210928,306,59485.818114625,1031.7,1017.2,1166.4,298.5,15.7,122,1496,D1-L
20210928,307,59485.818152624,1031.7,,1166.0,134.3,15.8,77,847,D1-L
20210928,308,59485.818263371,1031.7,1112.1,1244.0,263.8,7.6,42,247,D1-L
20210928,309,59485.818417885,,,,,17.3,84,554,D2-W
20210928,310,59485.818426450,,,,,15.9,39,207,D2-W
20210928,311,59485.818491864,1069.4,1216.6,1363.7,294.2,10.1,127,920,D1-M
20210928,312,59485.818575335,,,,,40.8,97,1490,C
20210928,313,59485.818850374,,,,,22.0,212,1674,Dm-W
20210928,314,59485.818857879,,,,,64.5,193,2651,C
20210928,315,59485.818897975,1031.7,,1142.5,110.8,14.0,40,454,D1-L
20210928,316,59485.819084133,,,,,23.6,97,1018,D2-L
20210928,317,59485.819547696,1031.7,1005.2,1162.2,314.0,15.9,49,535,D1-L
20210928,318,59485.819671862,1031.7,,1142.5,110.8,23.4,38,465,D1-L
20210928,319,59485.819677663,,,,,87.3,116,1779,C
20210928,320,59485.820385956,,,,,34.2,354,3680,C
20210928,321,59485.820503763,,,,,27.8,42,388,C
20210928,322,59485.820576116,,,,,61.5,420,4805,C
20210928,323,59485.820684322,,,,,30.7,400,3459,Dm-M
20210928,324,59485.820721240,,,,,51.0,228,2142,C
20210928,325,59485.820743295,,,,,30.1,262,2127,C
20210928,326,59485.820751061,,,,,18.7,285,2319,D2-W
20210928,327,59485.820981277,,,,,42.8,131,1014,C
20210928,328,59485.821003547,1224.5,,1468.2,243.7,8.2,22,101,NE-H
20210928,329,59485.821098283,,,,,17.3,203,1373,C
20210928,330,59485.821215932,1165.1,1340.4,1468.2,350.6,9.6,144,949,D1-H
20210928,331,59485.821350107,1031.7,1088.8,1228.3,278.9,11.1,19,99,D1-L
20210928,332,59485.821468299,1411.1,1452.5,1468.2,82.8,5.1,22,233,NE-H
20210928,333,59485.821513419,1031.7,,1107.4,75.7,7.0,19,152,NE-L
20210928,334,59485.821650913,1031.7,1098.8,1237.5,277.5,10.1,110,894,D1-L
20210928,335,59485.821699141,,,,,41.8,180,1511,C
20210928,336,59485.821725540,,,,,19.1,33,176,C
20210928,337,59485.821731478,1031.7,,1154.2,122.6,8.7,82,752,D1-L
20210928,338,59485.821774004,,,,,21.0,71,923,C
20210928,339,59485.821822944,1031.7,1025.6,1291.5,531.9,11.1,19,95,D1-L
20210928,340,59485.821889646,,,,,18.8,32,168,C
20210928,341,59485.821948812,,,,,20.9,201,1485,C
20210928,342,59485.821982646,,,,,11.8,86,524,D2-H
20210928,343,59485.822361063,1031.7,1106.9,1247.0,280.3,8.6,22,113,D1-L
20210928,344,59485.822529238,,,,,17.7,31,228,D2-L
20210928,345,59485.822534234,,,,,32.4,189,1802,
20210928,346,59485.822559921,1031.7,887.7,1235.0,694.6,7.1,20,61,NE-L
20210928,347,59485.822573715,,,,,28.5,113,1033,D2-M
20210928,348,59485.822582721,,,,,11.2,249,1616,D2-W
20210928,349,59485.822603450,1031.7,1085.7,1178.6,185.9,8.9,203,1979,D1-L
20210928,350,59485.822624815,1031.7,,1154.2,122.6,6.6,70,598,D1-L
20210928,351,59485.822947314,,,,,14.9,36,282,C
20210928,352,59485.822947775,,,,,11.9,154,1330,D2-L
20210928,353,59485.823171641,,,,,24.2,189,1543,Dm-W
20210928,354,59485.823204708,,,,,39.9,227,2050,C
20210928,355,59485.823329499,,,,,16.2,62,465,C
20210928,356,59485.823357404,,,,,20.1,122,1140,C
20210928,357,59485.823423738,,,,,33.4,152,2068,C
20210928,358,59485.823455964,,,,,23.8,178,1823,D2-M
20210928,359,59485.823463383,1080.3,1293.6,1468.2,426.7,4.9,29,110,D1-M
20210928,360,59485.823534285,1031.7,1050.2,1330.5,560.6,12.3,35,200,D1-L
20210928,361,59485.823619754,1031.7,1083.0,1218.3,270.5,6.2,27,135,D1-L
20210928,362,59485.823666790,,,,,26.5,112,917,C
20210928,363,59485.823856586,1314.4,,1468.2,153.8,3.4,58,320,ND
20210928,364,59485.824029381,,,,,14.0,147,914,Dm-H
20210928,365,59485.824106180,,,,,19.9,32,225,C
20210928,366,59485.824440534,,,,,31.2,145,1177,C
20210928,367,59485.824508751,,,,,9.0,339,2841,D2-L
20210928,368,59485.824538034,,,,,29.7,286,2484,C
20210928,369,59485.824579056,1128.2,1575.7,1468.2,895.0,9.1,134,755,D1-H
