mjd_start_bary,mjd_end_bary
59867.371295922923,59867.435373064116
59867.529913302555,59867.655417932794
59867.655422665885,59867.780376166193
59867.780381586999,59867.863917493276
59867.892462384021,59868.019542692258
59868.008066617207,59868.132312876078
59868.019549245779,59868.146801383220
59868.146808017656,59868.271358389364
59868.271366803776,59868.396359850703
59868.636640602032,59868.761619938879
59868.761627301465,59868.872082544396
59868.858798341076,59869.092742362744
59868.889679978034,59869.015999044481
59869.008055899736,59870.136664968617
59869.016006973441,59869.140765919459
59869.140773807951,59869.265846014969
59869.265949414956,59869.344458868640
59869.348085434372,59869.472703563493
59869.556907951614,59869.684039836742
59869.737384232139,59869.822768057951
59869.822808754492,59869.869324592801
59869.890095447205,59869.963709253971
59869.932686205342,59870.131896579100
59869.990683164826,59870.127035551697
59870.245828091953,59870.370559236304
59870.370623800547,59870.495634038256
59870.495968914947,59870.621302890999
59870.621355157309,59870.746479607194
59870.746693162815,59870.865391874533
59870.884525986352,59870.926672062131
59870.932673316638,59871.131895032471
59870.987892471450,59871.124221475839
59871.363907463325,59871.488738470543
59871.432839895162,59871.666771892160
59871.932659302096,59872.131880793189
59871.985089084708,59872.121452739426
59872.161305148169,59872.285928507976
59872.416715187705,59872.456428401325
59872.461826990868,59872.475748532539
59872.486208489929,59872.613733927014
59872.613740075976,59872.738662503303
59872.738670149054,59872.860240767703
59872.858744874247,59873.136089898064
59872.882543857020,59873.010022120077
59873.010029442194,59873.137813597968
59873.137822376404,59873.262930673853
59873.262936701431,59873.387980505628
59873.412093036946,59873.436919455904
59873.450331143598,59873.575444140617
59873.575448914140,59873.700460451830
59873.700465751281,59873.825531934570
59873.827421349612,59873.973622494319
59873.851078362597,59874.304808908317
59873.853416287799,59873.995670775628
59873.950483315166,59874.075667031801
59874.075678197005,59874.201377825950
59874.201384905333,59874.326213055690
59874.326218395538,59874.451153748872
59874.900342603738,59875.050015775283
59874.903849477858,59875.065906647360
59875.603804072241,59875.730591316220
59876.153120115683,59876.459063195056
59876.588054550477,59876.712400003897
59876.861439623906,59877.093506606878
59877.373232197730,59877.496434611938
59877.509294007818,59877.635464273641
59877.848236405982,59878.087386255705
59877.858618131868,59878.070905114248
59877.861418995701,59878.072375074218
59878.349071868935,59878.423375815481
59878.434248169964,59878.466770619780
59878.473495012964,59878.557764047007
59878.557792857951,59878.680845030067
59879.596211498327,59879.720442297985
59880.398265373442,59880.522508663395
59880.522535443517,59880.646793712192
59880.640476209584,59880.754663221174
59880.646826883931,59880.772001790756
59881.425734773693,59881.548941077170
59881.595259534603,59881.618407114591
59881.807125537962,59881.858316277503
59882.014805344144,59882.153262330699
59882.015453493863,59882.093472267385
59882.362693999887,59882.487224759432
59882.487230909494,59882.523294404295
59882.648914124591,59882.719183283101
59883.036260030647,59883.090922796553
59883.385165342188,59883.509715151704
59883.509743711671,59883.634879984675
59883.635105875561,59883.759350445172
59883.759391464715,59883.830419336380
59883.807049321011,59883.837846996394
59883.835308996117,59883.888395445516
59884.036232719816,59884.088117729269
59884.506292974038,59884.629864264818
59884.629943310378,59884.754375453558
59884.682047878683,59884.872563295205
59884.754408665598,59884.877566668249
59884.877587825249,59884.921496845411
59885.385053448714,59885.509184915703
59885.509190295968,59885.633446329681
59885.634922060679,59885.759187323325
59885.759196384824,59885.795638061507
59886.364392062671,59886.492452648177
59886.492460900619,59886.616757664800
59886.616766483545,59886.741191616878
59886.661167637896,59886.775330765806
59886.741199869313,59886.794712430499
59887.360507184239,59887.484977913715
59887.484984022129,59887.609119494431
59887.609126614159,59887.733411533562
59887.733419462369,59887.857719122243
59887.857727496004,59887.983285735958
59887.983293422032,59888.107688830598
59888.107698782042,59888.231988280204
59888.231995197661,59888.356322351094
59888.356328338123,59888.480599790746
59888.480612088468,59888.604974295726
59888.604981536817,59888.729202860282
59888.729215158011,59888.830123074207
59888.838665492403,59888.965579841046
59888.859489222908,59889.017620448380
59888.965587203485,59889.092499958897
59889.092508170826,59889.216684273953
59889.216693173606,59889.341014372323
59889.341020318898,59889.464549168741
59889.511738524852,59889.636151373401
59889.636157239060,59889.760411797019
59889.810642564022,59889.934781810422
59889.908319979018,59890.071659241810
59889.911039805607,59890.058986099786
59889.934790143736,59890.060220100793
59890.060228474547,59890.184000488785
59890.184007568030,59890.308303794707
59890.308311238048,59890.432602452645
59890.432608318333,59890.556917848313
59890.556923188095,59890.681251720911
59890.681260701436,59890.805542578681
59890.681846722357,59890.734287049781
59890.805554876366,59890.930731334665
59890.930737847593,59891.057838303961
59891.057846758609,59891.181884345031
59891.181892273788,59891.306202212843
59891.306209858427,59891.430529591329
59891.430536306500,59891.554882809418
59891.554972898070,59891.679123598748
59891.569338687441,59891.962484429496
59891.679130071185,59891.803385086561
59891.803391033136,59891.820634112002
59891.816586919209,59891.967426330055
59891.830812418993,59891.955625431023
59891.955633804741,59892.080812617955
59892.080820304000,59892.204736169508
59892.204742075628,59892.329058859621
59892.329064765741,59892.453384102628
59892.453389968287,59892.577705283838
59892.566501872163,59893.064122400778
59892.577711230413,59892.701981421327
59892.701988055589,59892.817746666944
59892.809606497278,59893.069585213561
59892.834023673488,59892.962424037316
59892.962469425358,59893.086718509250
59893.211031219049,59893.335269245559
59893.335275151672,59893.459594654334
59893.459602987612,59893.589827330587
59893.563687236667,59894.061330514785
59893.589833843493,59893.713812244270
59893.713821791105,59893.816556222519
59893.809569300189,59894.069547764375
59893.826826701625,59893.951928830000
59893.951951524010,59894.077447729956
59894.077458247666,59894.204192137557
59894.328339348365,59894.452638423383
59894.452650882849,59894.576906857990
59894.560871643145,59895.058491218158
59894.576913047269,59894.589362839222
59894.802586966733,59895.062565186447
59895.558066674988,59896.055697435644
59896.070876318103,59896.196046552766
59896.196053106105,59896.235860535620
59896.555260768539,59897.033690468430
59896.802507820597,59897.029847994716
59897.500898482343,59897.629040797961
59897.629116848977,59897.753812877047
59897.753851873407,59897.878836822914
59897.802466846464,59898.027723578707
59897.804469080613,59898.049840644533
59898.306028427083,59898.421827490150
59898.421862400777,59898.546830728199
59898.546888979996,59898.671847666163
59898.671895319370,59898.796226043429
59898.796263866599,59898.907893537100
59898.907934839204,59898.992925873790
59899.318730540042,59899.441293380893
59899.441315548916,59899.566305406632
59899.557195881003,59900.044258053815
59899.566365842824,59899.690562120224
59899.690586755816,59899.814916141804
59899.814950364671,59899.906476099153
59899.816270435578,59900.069650493453
59899.906494788243,59900.066186614662
59900.066200044887,59900.192148413102
59900.192155654091,59900.281068368793
59900.360332160453,59900.399194695834
59900.542071675918,59900.646943944812
59900.544074264937,59901.041679152368
59900.687763477072,59900.812106991783
59900.812113261920,59900.906398464329
59900.816226723327,59901.069606554796
59900.906406109832,59901.066392247456
59901.066398841205,59901.190735955977
59901.190750640235,59901.314780027133
59901.383973100281,59901.508053398829
59901.508059911699,59901.632319413584
59901.587083561695,59901.617197963060
59901.632325319639,59901.756538416565
59901.767036286765,59901.906334641717
59901.906341114096,59902.066127154285
59902.066130066858,59902.193247857249
59902.193256109524,59902.317534537229
59902.317544488527,59902.442389094613
59902.505020163218,59902.629365154855
59902.538417799122,59903.036033393655
59902.629389830872,59902.753653669111
59902.816136655754,59903.069504483661
59902.906328279838,59903.059113847979
59903.059125053267,59903.183522186002
59903.183531530514,59903.309781541771
59903.309793717926,59903.408079838635
59903.408092702513,59903.521764654703
59903.522541220678,59903.646728984088
59903.535617205547,59904.033209229303
59903.646740715296,59903.771071062016
59903.771084654043,59903.788490364437
59903.777897672830,59904.029193648588
59903.797079750031,59903.921008438076
59903.921021301918,59903.963480791572
59904.063598006869,59904.188978959115
59904.188990609415,59904.313321211695
59904.313330151665,59904.437670710839
59904.437683534255,59904.451143552084
59904.464429968524,59904.561936987229
59904.561981153696,59904.686267786332
59904.586945178453,59905.030407831371
59904.686276766770,59904.785399237917
59904.774378471528,59905.034342806393
59904.799468459350,59904.923615483633
59904.923626041709,59905.049312228104
59905.049321046710,59905.174087704392
59905.174105867482,59905.297996725290
59905.308490761148,59905.432628590432
59905.457097436403,59905.517350636408
59905.517564710506,59905.569581072763
59905.524342488527,59905.732226046966
59905.529955626793,59906.027558397218
59905.575458199055,59905.700089619575
59905.700122264636,59905.824308360192
59905.781286177516,59906.032558589875
59905.824339265768,59905.948643169279
59905.948656437657,59906.031468548725
59906.031487237684,59906.153594171825
59906.153605336658,59906.279692568241
59906.289879116703,59906.413963361556
59906.413982252787,59906.538912302218
59906.527117816637,59907.024732135011
59906.538960116923,59906.663166456441
59906.663321429398,59906.787679164423
59906.774281702412,59907.025565471260
59907.429301506789,59907.553536607302
59907.524996760796,59908.022622338111
59907.553691094756,59907.677754330361
59907.677779491692,59907.802010340492
59907.767288008268,59907.952845743384
59908.274575609568,59908.398579761066
59908.398591977639,59908.522793647011
59908.522168933225,59909.019770895335
59908.667572128506,59908.792945014131
59908.760293537118,59909.046308940495
59908.792958484722,59908.922864578170
59908.922874084426,59909.048687939168
59909.048701005246,59909.173118933177
59909.173127144975,59909.297155434077
59909.297175417494,59909.421353224912
59909.421364915586,59909.546880542664
59909.519351908071,59910.016872517386
59909.546888188153,59909.554337635222
59909.564233271303,59909.688007844212
59909.688018078639,59909.812368222862
59909.760242391232,59910.037565883744
59909.812377041424,59909.936692772331
59910.283905482429,59910.410858944750
59910.410869543237,59910.419553748776
59910.516522555095,59910.845891948506
59910.531900379094,59910.656088332631
59910.660794261392,59910.788804482931
59910.788822120085,59910.912944973999
59910.912953792569,59911.039400779075
59911.513669317908,59912.011281366606
59911.527058276450,59911.651921004057
59911.651938600742,59911.776169569333
59911.753205351190,59911.993724839951
59911.776192869795,59911.900469640212
59911.900510901389,59912.017553767611
59912.492665866434,59912.623440396521
59912.498871569071,59912.706754011604
59912.510838507682,59913.008450203590
59912.623481657727,59912.747631000617
59912.747646453332,59912.871953367525
59912.753140425499,59913.030463331743
59912.872009151004,59913.010848188380
59913.492608038257,59913.627204678392
59913.508018568187,59914.005639583818
59913.627234127540,59913.751766583853
59913.751792796807,59913.876688442047
59913.773930140916,59914.033881114723
59913.876733222496,59914.013496727224
59914.492558765123,59914.626621871219
59914.515752925588,59915.002785812416
59914.626678827808,59914.750986204221
59914.773863813352,59915.033826184430
59914.818871440228,59914.943415316920
59914.943478786212,59915.010182252874
59915.502353502925,59915.999952618527
59915.742571711846,59916.019894060249
59916.499508411347,59916.845044118643
59916.901884941013,59917.032827004179
59917.032836389059,59917.159179668677
59917.159189255777,59917.283451321098
59917.293326956933,59917.398654604127
59917.398669814094,59917.545499620705
59917.496697405637,59917.994305556254
59917.545508115632,59917.670406129473
59917.670412642234,59917.795175442247
59917.752875046361,59918.030185451833
59917.795183896698,59917.919476375224
59917.919488187210,59918.043798710896
59918.493851062085,59918.991564877266
59918.678027389629,59918.839224677089
59918.742390099120,59918.991600100591
59919.628718822052,59919.732889824118
59919.732915470668,59919.836252708898
59920.534877438076,59920.659735749774
59920.659772601495,59920.783918856228
59920.724913622587,59921.002235135049
59920.783969987475,59920.907798749962
59920.907807649368,59920.992183585251
59921.471315341951,59921.595756462077
59921.495898151181,59921.982940546484
59921.595762327612,59921.719975089756
59921.719989814257,59921.844291825946
59921.844304082857,59921.988741048750
59922.482506141299,59922.980124442816
59922.717850961773,59923.012543805336
59923.460785466414,59923.585125891201
59923.480362938273,59923.977980979042
59923.585401328193,59923.711719845072
59923.711729836672,59923.835819224463
59923.721262854444,59923.963863816840
59923.835836133338,59923.988748984964
59924.477536388942,59924.865427136952
59924.499929883517,59924.628413274841
59924.628421527043,59924.772518382160
59924.772523924039,59924.896924899069
59924.896934890661,59925.016520120545
59925.353912571241,59925.479447419413
59925.474686193855,59925.972303741044
59925.479454498483,59925.605503803519
59925.605513795104,59925.732229854955
59925.721141083988,59925.989781812197
59925.732245186198,59925.857306494603
59925.857348968995,59925.982230542722
59926.471847090630,59926.969452268691
59926.721079470168,59926.963691641133
59927.469007523650,59927.966624612563
59927.710601377948,59927.979253470323
59928.466167510851,59928.963784384134
59928.738314893722,59928.980926845688
59929.463338643807,59929.960943737307
59929.710475922839,59929.979127785366
59930.460474647625,59930.864476352559
59930.888647841362,59931.014834881629
59931.013663602025,59931.138876579702
59931.137486900894,59931.259997507674
59931.457656554558,59931.955261263436
59931.699944414882,59931.959892939143
59932.454803370376,59932.952419474786
59932.699880315777,59932.977188729645
59933.451961408056,59933.949556107502
59933.696332297353,59933.947612225689
59934.554679456116,59934.863952880631
59934.613730721598,59934.642729538486
59934.643075238746,59934.767074604300
59934.767104862149,59934.900557804205
59934.900580538029,59934.931142742389
59935.446264936669,59935.943892141826
59935.623601611180,59935.750409468106
59935.692730445568,59935.978730154689
59935.750437541545,59935.874745220623
59935.874755980753,59935.971900870478
59936.443422042743,59936.941027874433
59936.689204657865,59936.966512735075
59937.440602027571,59937.938184587183
59938.437758619781,59938.935341064942
59939.435609387023,59939.933191727832
59940.432753979934,59940.930347801514
59941.429909965984,59941.884589922476
59942.427077366548,59942.924659461707
59943.424233056096,59943.921826663682
59944.421388628682,59944.918970612336
59947.593398379249,59947.909846502647
59948.410010155683,59948.907592037125
59949.401043190599,59949.525215374000
59949.407153873159,59949.904747327069
59949.525249960148,59949.649403495052
59949.649432013444,59949.773793490625
59949.650135344862,59949.927466125169
59949.773845794531,59949.898135911448
59950.390758833273,59950.518377093656
59950.518399220709,59950.642469550497
59950.642672981659,59950.766823265280
59950.650068233612,59950.944747388312
59950.766836978357,59950.901595725161
59951.396897092833,59951.521575089035
59951.521688879489,59951.645914423898
59951.643057172092,59951.937747893768
59951.646028821022,59951.770139100008
59951.770190392614,59951.901076026043
59952.385673956160,59952.506848404228
59952.506904227470,59952.633088855669
59952.633115675075,59952.757604754661
59952.757684363394,59952.896812340819
59953.481055822391,59953.605323669683
59953.605350448634,59953.730169432492
59953.639451176758,59953.942810355562
59953.730237472097,59953.896545698139
59954.476669974203,59954.600530890501
59954.600550145471,59954.729685207210
59954.639395867147,59954.934075104073
59954.729915619529,59954.896355976380
59955.621957566356,59955.942676739920
59956.630582464510,59956.942621684713
59957.621824408569,59957.942555262933
59958.621758069065,59958.854636033830
59959.628635901092,59959.905966982151
59962.370800968092,59962.495084283910
59962.495104712012,59962.619369098466
59962.619398223658,59962.744345782747
59962.626714348422,59962.895354070031
59962.744355895651,59962.875628153648
59964.420895652242,59964.545601989732
59964.610960258520,59964.888280137508
59964.789073676729,59964.862783680641
59965.362346776725,59965.778974604029
59966.359516403201,59966.857099791756
59966.603875826891,59966.881195893402
59967.357369206278,59967.854952776470
59967.603835065427,59967.863772090212
59968.354527979667,59968.852111742635
59968.596804384702,59968.874136228980
59969.351675571022,59969.849292347390
59969.384323836493,59969.514770595903
59969.514776501841,59969.580567888283
59969.589808816869,59969.849757626245
59970.586262519872,59970.846223014603
59970.654927204916,59970.822275099730
59971.346006727639,59971.843591128432
59971.542622067020,59971.667704481384
59971.586211810965,59971.846172414611
59971.752072081035,59971.854715463138
59972.343167184699,59972.778832455588
59972.535627659207,59972.624425091853
59972.624200021637,59972.663723514772
59973.323388856501,59973.448672098923
59973.340328110215,59973.837912983166
59973.448682050061,59973.538424343642
59973.582605052783,59973.842577476848
59974.337489522288,59974.835074644740
59974.405092457499,59974.611600959448
59974.582544194913,59974.842516748911
59975.334639865243,59975.832258056529
59975.575551395421,59975.852872579810
59976.331813876684,59976.829399524206
59976.399426381788,59976.450848956476
59976.451012084741,59976.565492479429
59977.328965280234,59977.826562776419
59977.378120668312,59977.505849199057
59977.505866674292,59977.643474933364
59977.571995002210,59977.849270194994
59977.643483792337,59977.770500106795
59977.770510705202,59977.833557358936
59978.360650344766,59978.485271957172
59978.485287167096,59978.608761398689
59978.522228541508,59978.824164472164
59978.608773129738,59978.735978639510
59978.735988590692,59978.771726664301
59979.330733373892,59979.455183304693
59979.455191071473,59979.579602092468
59979.501072058047,59979.778393468077
59979.568359839162,59979.769308774608
59979.579610344670,59979.703922328808
59979.703928760646,59979.783956819461
59980.305041439133,59980.416377912472
59980.321163590648,59980.818750388382
59980.694043067801,59980.823148333431
59981.318328890462,59981.815915996325
59981.561312894504,59981.847315097482
59982.315483238279,59982.813103471068
59982.561245018194,59982.821218777884
