event_id,toa_mjd_bary
B0,59867.906540726355
B2,59867.906850723230
B3,59867.909280698710
B5,59867.909740694064
B7,59867.910880682546
B8,59867.911060680723
B9,59867.911340677892
B6,59867.911670674563
B10,59867.912020671029
B11,59867.912690664249
B12,59867.912810663031
B13,59867.913440656659
B14,59867.915900631742
B16,59867.917190618668
B15,59867.918200608423
B17,59867.918740602945
B18,59867.918820602128
B19,59867.919960590560
B20,59869.882648687344
B21,59869.882908684165
B22,59869.885708649890
B23,59869.886808636409
B25,59869.886908635184
B26,59869.888268618510
B27,59870.872975984908
B28,59870.873055983844
B29,59870.873705975187
B30,59870.874255967858
B31,59870.877645922650
B33,59870.880685882061
B32,59870.881275874177
B35,59870.881775867492
B36,59870.882345859871
B34,59870.882705855060
B37,59870.886135809153
B39,59870.888015783974
B40,59870.889575763060
B42,59870.891005743877
B38,59870.891735734083
B41,59870.891795733274
B43,59870.891985730726
B44,59870.894035703197
B45,59871.866452132592
B46,59871.871672057241
B47,59871.871762055947
B48,59871.872382046982
B49,59871.873112036432
B51,59871.874332018786
B52,59871.876251991009
B50,59871.876891981745
B54,59871.879301946843
B53,59871.879961937273
B55,59871.883281889124
B57,59871.884711868363
B58,59871.885281860094
B56,59871.885501856894
B59,59871.889771794828
B60,59871.890221788279
B61,59871.893161745473
B63,59871.894401727404
B64,59871.894751722306
B65,59871.895251715025
B67,59871.905011572482
B68,59873.856471051651
B69,59873.856891044663
B70,59873.864720914251
B71,59873.864790913081
B72,59873.867300871207
B73,59873.871370803230
B74,59873.873970759756
B75,59873.877230705199
B76,59873.879990658956
B77,59873.881150639507
B79,59873.881680630628
B80,59873.882260620900
B78,59873.882780612170
B90,59873.885630564342
B81,59873.889140505373
B82,59873.889860493262
B83,59873.891010473926
B84,59873.891220470396
B85,59873.891540465011
B87,59873.892430450032
B88,59873.893950424448
B91,59873.896560380483
B89,59873.896950373914
B92,59873.897730360768
B95,59873.900860307971
B93,59873.901030305104
B94,59873.901080304262
B96,59874.855273781628
B97,59874.858953716248
B98,59874.859273710565
B99,59874.859493706652
B101,59874.860153694914
B102,59874.860193694214
B100,59874.861063678734
B104,59874.861963662726
B105,59874.863113642270
B107,59874.863473635858
B106,59874.864353620193
B108,59874.865273603813
B109,59874.866813576387
B110,59874.867173569968
B111,59874.876633401160
B112,59874.876993394726
B113,59874.877523385250
B114,59874.878063375596
B116,59875.855635370048
B117,59875.855995363243
B120,59875.856945345309
B122,59875.857535334158
B124,59875.858255320556
B128,59875.860055286539
B125,59875.860735273687
B131,59875.862615238126
B132,59875.864995193078
B134,59875.865915175666
B136,59875.866465165251
B135,59875.867065153885
B137,59875.867545144793
B140,59875.868965117887
B138,59875.869905100066
B139,59875.869945099301
B142,59875.870785083374
B145,59875.873185037846
B146,59875.876804969121
B147,59875.877084963802
B148,59875.878364939475
B152,59875.878694933206
B151,59875.879044926558
B153,59875.879504917808
B149,59875.879804912103
B150,59875.879844911338
B155,59875.880394900887
B154,59875.881374882250
B156,59875.881614877682
B157,59875.882834854470
B158,59875.884244827641
B159,59875.884304826497
B160,59875.886834778306
B161,59875.887874758497
B162,59875.890034717318
B163,59875.893634648637
B164,59875.893654648258
B165,59875.896434595168
B167,59876.845216062255
B168,59876.845666053283
B166,59876.845936047896
B170,59876.846106044497
B169,59876.846256041506
B171,59876.846756031533
B172,59876.846836029938
B173,59876.846966027340
B174,59876.847596014770
B175,59876.847656013575
B176,59876.849165983433
B177,59876.849565975441
B179,59876.850445957869
B180,59876.851325940290
B178,59876.851465937500
B181,59876.853435898127
B182,59876.853535896131
B183,59876.854545875940
B184,59876.855945847936
B187,59876.856945827938
B188,59876.857295820933
B185,59876.857895808927
B186,59876.857955807725
B189,59876.858225802316
B190,59876.858725792314
B191,59876.860075765282
B192,59876.861695732834
B194,59876.862225722216
B193,59876.862895708793
B196,59876.863205702582
B197,59876.866595634601
B198,59876.867245621565
B199,59876.867355619361
B200,59876.868125603905
B201,59876.868185602703
B204,59877.851985309302
B205,59877.852725293684
B202,59877.853055286723
B203,59877.853085286093
B208,59877.853235282928
B206,59877.853395279548
B207,59877.853895269000
B209,59877.855195241551
B210,59877.855345238379
B211,59877.855495235213
B212,59877.857355195934
B213,59877.857605190649
B214,59877.858235177344
B215,59877.858745166559
B216,59877.859175157471
B219,59877.859765145004
B220,59877.859915141838
B221,59877.860625126828
B218,59877.860685125554
B222,59877.860945120061
B223,59877.864145052365
B224,59877.864795038608
B225,59877.866235008129
B226,59877.866624999871
B227,59877.867134989065
B229,59877.867254986522
B231,59877.867434982712
B232,59877.867794975085
B230,59877.868614957712
B234,59877.869124946905
B235,59877.869764933348
B233,59877.870034927626
B267,59877.871024906635
B237,59877.872284879923
B236,59877.872824868464
B238,59877.873944844709
B239,59877.875074820731
B240,59877.878164755130
B241,59877.878234753640
B243,59877.878844740684
B244,59877.879834719650
B245,59877.879864719020
B246,59877.879984716463
B249,59877.880664702010
B247,59877.880744700313
B248,59877.881034694146
B250,59877.881414686068
B251,59877.881644681183
B252,59877.882244668428
B253,59877.882314666946
B254,59877.882534662262
B256,59877.883284646312
B257,59877.883314645675
B258,59877.883934632489
B255,59877.884034630362
B261,59877.884254625678
B260,59877.884414622276
B262,59877.884964610574
B263,59877.885264604192
B265,59877.885824592275
B266,59877.886234583551
B264,59877.886974567802
B268,59877.887054566098
B269,59877.888744530108
B270,59877.888804528840
B271,59877.890674489005
B272,59878.841943813612
B273,59878.842473801866
B274,59878.843483779492
B275,59878.843503779048
B276,59878.843513778826
B277,59878.843983768413
B278,59878.844783750683
B279,59878.844903748017
B281,59878.846333716319
B280,59878.847073699901
B282,59878.847553689258
B284,59878.849713641328
B283,59878.850673620022
B285,59878.851093610698
B286,59878.851533600930
B287,59878.852253584941
B289,59878.852533578720
B290,59878.852843571840
B291,59878.852913570285
B292,59878.853063566959
B293,59878.854143542958
B294,59878.855543511847
B296,59878.856453491622
B295,59878.856653487179
B297,59878.857393470724
B298,59878.857523467836
B299,59878.860443402882
B301,59878.860823394432
B302,59878.863433336322
B303,59878.863843327192
B304,59878.863883326303
B306,59878.865053300244
B305,59878.865133298459
B307,59878.867683241631
B308,59878.867873237403
B309,59878.869373203961
B310,59878.869413203065
B311,59879.829301305457
B313,59879.830561276241
B314,59879.830761271602
B315,59879.831401256750
B312,59879.831641251185
B316,59879.832031242142
B317,59879.832141239589
B320,59879.834751179020
B321,59879.835011172981
B322,59879.835361164849
B319,59879.835731156258
B323,59879.836071148362
B324,59879.836441139771
B318,59879.836571136751
B325,59879.837251120960
B326,59879.839031079602
B329,59879.839591066586
B330,59879.840421047295
B331,59879.840431047065
B327,59879.840891036372
B332,59879.841051032650
B334,59879.842690994512
B335,59879.843100984974
B333,59879.843480976138
B336,59879.844080962182
B337,59879.844150960547
B338,59879.844280957528
B339,59879.845520928677
B342,59879.845980917962
B340,59879.846200912849
B341,59879.846620903067
B343,59879.846850897717
B344,59879.847410884679
B345,59879.847770876295
B347,59879.849120844854
B346,59879.849960825282
B348,59879.850350816196
B349,59879.851100798718
B350,59879.851800782402
B351,59879.854810712226
B352,59879.854980708260
B353,59879.855510695903
B354,59879.856120681667
B355,59879.859540601843
B356,59879.861880547185
B357,59879.862320536908
B359,59879.863070519386
B360,59879.863900499979
B362,59879.864930475902
B361,59879.865360465847
B364,59879.865680458373
B363,59879.866250445040
B365,59879.866540438255
B366,59879.868530391708
B367,59879.872990287287
B368,59879.875050239032
B369,59879.875110237626
B370,59879.875130237153
B372,59879.875210235281
B373,59879.877100190977
B374,59879.877710176675
B375,59879.879220141265
B376,59879.879420136567
B377,59879.880280116391
B378,59879.881200094802
B379,59879.882100073686
B380,59879.883780034237
B381,59879.883950030242
B383,59879.884400019677
B385,59881.833512367652
B386,59881.833712362575
B387,59881.834242349112
B388,59881.836792284332
B389,59881.837002279004
B411,59881.837822258160
B390,59881.839772208594
B393,59881.843422115751
B391,59881.843882104040
B394,59881.844252094626
B395,59881.845792055428
B396,59881.847492012144
B397,59881.847562010356
B398,59881.855971795980
B400,59881.857121766632
B399,59881.858071742383
B401,59881.858491731669
B402,59881.858841722729
B403,59881.860441681878
B404,59881.860661676255
B405,59881.864301583257
B406,59881.864921567416
B407,59881.866121536732
B408,59881.866291532388
B409,59881.868971463839
B410,59881.870911414197
B412,59881.872061384754
B413,59881.872331377846
B384,59881.874251328671
B415,59881.874451323551
B416,59881.875511296399
B417,59881.875681292040
B420,59881.879311199002
B419,59881.880021180797
B422,59882.830746408872
B423,59882.831726382945
B421,59882.831796381091
B425,59882.832416364683
B426,59882.832506362305
B424,59882.833166344833
B427,59882.833916324977
B428,59882.835386286060
B429,59882.835626279695
B433,59882.837066241555
B430,59882.837336234406
B431,59882.837506229902
B434,59882.839466177968
B435,59882.840236157557
B436,59882.840246157284
B437,59882.843176079601
B438,59882.845526017256
B440,59882.847435966556
B441,59882.847645960981
B442,59882.847865955140
B443,59882.848105948775
B445,59882.848535937352
B448,59882.849025924341
B446,59882.849295917171
B447,59882.849605908938
B452,59882.850445886630
B449,59882.851515858201
B450,59882.851575856606
B451,59882.851675853955
B453,59882.851965846239
B454,59882.853295810899
B455,59882.854485779266
B457,59882.855645748423
B458,59882.855935740707
B459,59882.856295731137
B460,59882.856855716243
B461,59882.857385702147
B462,59882.858745665966
B463,59883.851828735002
B464,59883.852768709017
B465,59883.854608658141
B469,59883.856338610283
B466,59883.856928593959
B467,59883.857038590919
B472,59883.857718572101
B473,59883.858338554935
B471,59883.858948538058
B474,59883.859518522273
B475,59883.863088423408
B476,59883.866458330027
B477,59883.867508300922
B478,59883.869638241849
B479,59883.872568160550
B480,59883.875448080595
B481,59883.875998065327
B483,59884.826751284047
B484,59884.826981277467
B485,59884.828181243181
B486,59884.828821224888
B487,59884.830681171727
B488,59884.830901165442
B489,59884.836401008113
B492,59884.840680885573
B493,59884.840870880129
B494,59884.840880879841
B491,59884.842400836300
B495,59887.809881156150
B496,59887.831160482332
B497,59887.841330159448
B498,59888.825528394380
B499,59888.830238240225
B500,59888.835498067936
B501,59888.841727863677
B502,59888.843247813813
B503,59888.847207683844
B504,59888.853187487410
B505,59888.857487346046
B507,59888.858847301322
B508,59889.813605521573
B509,59889.823675182284
B510,59889.828555017659
B511,59889.831034933944
B512,59889.831654913010
B513,59889.834314823187
B514,59890.814521228443
B516,59890.819901041796
B515,59890.820391024790
B518,59890.828950727482
B519,59890.832160615886
B520,59890.832260612413
B521,59890.838740386971
B523,59890.844870173496
B522,59890.845790141444
B525,59890.846940101372
B526,59890.847960065817
B527,59890.850529976218
B528,59891.814585974258
B529,59891.815615937507
B530,59891.817035886837
B531,59891.818145847225
B532,59891.822085706539
B533,59891.829645436388
B534,59892.812299825920
B535,59892.816789661301
B536,59892.817599631591
B537,59892.819709554191
B538,59892.820319531813
B539,59893.805012899356
B540,59893.821302286313
B541,59893.828462016412
B542,59894.794595146115
B543,59894.797885019412
B544,59894.800334925021
B545,59894.802214852578
B546,59894.802694834070
B547,59894.804764754270
B548,59894.806514686788
B550,59894.810024551385
B551,59894.818824211638
B552,59894.822914053599
B553,59894.827153889652
B554,59894.829563796433
B555,59894.835393570793
B556,59894.843463258148
B558,59898.786053518095
B559,59898.787513456431
B560,59898.788603410401
B561,59898.795473120073
B562,59898.799042969113
B563,59898.799622944578
B564,59898.800822893812
B565,59898.801952845999
B566,59898.803032800308
B567,59898.803792768143
B568,59898.806832639457
B569,59898.809172540372
B570,59898.811002462870
B571,59898.812562396786
B572,59898.816502229813
B574,59898.820162074640
B575,59898.820252070822
B576,59898.821572014844
B577,59898.823111949518
B578,59898.833441511000
B579,59899.786940690865
B583,59899.788800610600
B584,59899.789040600241
B581,59899.789300589022
B582,59899.792030471173
B585,59899.793030428002
B586,59899.796050297577
B587,59899.797220247034
B588,59899.803509975187
B589,59899.804149947515
B590,59899.810459674583
B591,59899.811449631743
B592,59899.811679621787
B593,59899.812399590621
B595,59900.779707322159
B597,59900.781317251298
B598,59900.781517242489
B596,59900.782037219593
B600,59900.782417202863
B599,59900.783487155757
B601,59900.784367117005
B604,59900.786947003369
B605,59900.787276988827
B606,59900.792176772906
B607,59900.792186772465
B608,59900.794206683415
B609,59900.798556491573
B611,59900.800286415251
B610,59900.800436408637
B612,59900.801316369805
B613,59900.802946297874
B614,59900.806446143368
B616,59900.809955988356
B617,59900.812145891607
B619,59900.812895858464
B620,59900.817895637469
B622,59900.818475611821
B623,59900.822125450395
B624,59900.823975368548
B625,59900.827005234467
B626,59901.771083142878
B627,59901.773423037892
B628,59901.777892837257
B629,59901.779842749704
B630,59901.780412724103
B631,59901.783112602832
B633,59901.783692576777
B634,59901.783742574531
B632,59901.784912521958
B635,59901.785442498149
B636,59901.796661993649
B637,59901.797691947300
B639,59901.799541864049
B640,59901.800131837488
B641,59901.802571727647
B642,59901.804731630378
B643,59901.806461552464
B645,59904.776624014106
B646,59904.785673584141
B647,59904.792953237964
B649,59904.793803197521
B648,59904.794493164693
B650,59904.796603064293
B651,59906.778667137070
B652,59906.781007022029
B653,59906.785636794310
B654,59906.787486703281
B655,59906.788106672786
B656,59906.789166620612
B657,59907.780677433388
B658,59909.762496813288
B659,59909.767826538984
B660,59909.792805251462
B661,59909.795795097139
B662,59912.739650131218
B663,59912.760229027932
B664,59917.753962395502
B665,59917.771641387197
B666,59917.772431342113
B667,59919.730108558324
B668,59919.733148381696
B669,59919.748337498466
B670,59919.762346682845
B671,59921.737660581988
B672,59921.739820453913
B673,59921.764498988960
B674,59923.742850534079
B675,59931.713984260052
B676,60007.498919031081
B677,60007.510318630215
B678,60007.513138530987
B679,60007.523738157761
B680,60019.484170727730
B681,60019.484240726131
B682,60020.445249362936
B683,60021.473677620212
B684,60026.452888896660
B685,60026.454298875462
B686,60026.465148712145
B687,60030.465347640638
B688,60040.410599202434
B689,60044.394961157981
B690,60044.398711177775
B691,60044.412621250813
B692,60047.395301930243
B693,60047.411662070677
B694,60051.378235040182
B695,60054.382039175442
